Timestamp,HedefLinX_m_s,AnlikHiz_m_s,MotorGucu,TurnBoost,StallBoost,HedefAngZ_rad_s,HedefAci_deg,YayinAci_deg,Fren,GeriVites
2026-08-18 11:02:02.341,0.00,0.00,0,0.0,0.0,0.000,0.0,0,HAYIR,HAYIR
2026-08-18 11:02:02.344,0.00,0.00,0,0.0,0.0,0.000,0.0,0,HAYIR,HAYIR
2026-08-18 11:02:02.376,0.00,0.00,0,0.0,0.0,0.000,0.0,0,HAYIR,HAYIR
2026-08-18 11:02:02.384,0.00,0.00,0,0.0,0.0,0.000,0.0,0,HAYIR,HAYIR
2026-08-18 11:02:02.416,0.00,0.00,0,0.0,0.0,0.000,0.0,0,HAYIR,HAYIR
2026-08-18 11:02:02.424,0.00,0.00,0,0.0,0.0,0.000,0.0,0,HAYIR,HAYIR
2026-08-18 11:02:02.462,0.00,0.00,0,0.0,0.0,0.000,0.0,0,HAYIR,HAYIR
2026-08-18 11:02:02.464,0.00,0.00,0,0.0,0.0,0.000,0.0,0,HAYIR,HAYIR
2026-08-18 11:02:02.493,0.00,0.00,0,0.0,0.0,0.000,0.0,0,HAYIR,HAYIR
2026-08-18 11:02:02.504,0.00,0.00,0,0.0,0.0,0.000,0.0,0,HAYIR,HAYIR
2026-08-18 11:02:02.543,0.00,0.00,0,0.0,0.0,0.000,0.0,0,HAYIR,HAYIR
2026-08-18 11:02:02.544,0.00,0.00,0,0.0,0.0,0.000,0.0,0,HAYIR,HAYIR
2026-08-18 11:02:02.581,0.00,0.00,0,0.0,0.0,0.000,0.0,0,HAYIR,HAYIR
2026-08-18 11:02:02.585,0.00,0.00,0,0.0,0.0,0.000,0.0,0,HAYIR,HAYIR
2026-08-18 11:02:02.617,0.00,0.00,0,0.0,0.0,0.000,0.0,0,HAYIR,HAYIR
2026-08-18 11:02:02.625,0.00,0.00,0,0.0,0.0,0.000,0.0,0,HAYIR,HAYIR
2026-08-18 11:02:02.664,0.00,0.00,0,0.0,0.0,0.000,0.0,0,HAYIR,HAYIR
2026-08-18 11:02:02.666,0.00,0.00,0,0.0,0.0,0.000,0.0,0,HAYIR,HAYIR
2026-08-18 11:02:02.691,0.00,0.00,0,0.0,0.0,0.000,0.0,0,HAYIR,HAYIR
2026-08-18 11:02:02.706,0.00,0.00,0,0.0,0.0,0.000,0.0,0,HAYIR,HAYIR
2026-08-18 11:02:02.727,0.00,0.00,0,0.0,0.0,0.000,0.0,0,HAYIR,HAYIR
2026-08-18 11:02:02.746,0.00,0.00,0,0.0,0.0,0.000,0.0,0,HAYIR,HAYIR
2026-08-18 11:02:02.764,0.00,0.00,0,0.0,0.0,0.000,0.0,0,HAYIR,HAYIR
2026-08-18 11:02:02.788,0.00,0.00,0,0.0,0.0,0.000,0.0,0,HAYIR,HAYIR
2026-08-18 11:02:02.804,0.00,0.00,0,0.0,0.0,0.000,0.0,0,HAYIR,HAYIR
2026-08-18 11:02:02.827,0.00,0.00,0,0.0,0.0,0.000,0.0,0,HAYIR,HAYIR
2026-08-18 11:02:02.844,0.00,0.00,0,0.0,0.0,0.000,0.0,0,HAYIR,HAYIR
2026-08-18 11:02:02.868,0.00,0.00,0,0.0,0.0,0.000,0.0,0,HAYIR,HAYIR
2026-08-18 11:02:02.884,0.00,0.00,0,0.0,0.0,0.000,0.0,0,HAYIR,HAYIR
2026-08-18 11:02:02.908,0.00,0.00,0,0.0,0.0,0.000,0.0,0,HAYIR,HAYIR
2026-08-18 11:02:02.924,0.00,0.00,0,0.0,0.0,0.000,0.0,0,HAYIR,HAYIR
2026-08-18 11:02:02.950,0.00,0.00,0,0.0,0.0,0.000,0.0,0,HAYIR,HAYIR
2026-08-18 11:02:02.964,0.00,0.00,0,0.0,0.0,0.000,0.0,0,HAYIR,HAYIR
2026-08-18 11:02:02.989,0.00,0.00,0,0.0,0.0,0.000,0.0,0,HAYIR,HAYIR
2026-08-18 11:02:03.004,0.00,0.00,0,0.0,0.0,0.000,0.0,0,HAYIR,HAYIR
2026-08-18 11:02:03.030,0.00,0.00,0,0.0,0.0,0.000,0.0,0,HAYIR,HAYIR
2026-08-18 11:02:03.044,0.00,0.00,0,0.0,0.0,0.000,0.0,0,HAYIR,HAYIR
2026-08-18 11:02:03.070,0.00,0.00,0,0.0,0.0,0.000,0.0,0,HAYIR,HAYIR
2026-08-18 11:02:03.084,0.00,0.00,0,0.0,0.0,0.000,0.0,0,HAYIR,HAYIR
2026-08-18 11:02:03.112,0.00,0.00,0,0.0,0.0,0.000,0.0,0,HAYIR,HAYIR
2026-08-18 11:02:03.125,0.00,0.00,0,0.0,0.0,0.000,0.0,0,HAYIR,HAYIR
2026-08-18 11:02:03.152,0.00,0.00,0,0.0,0.0,0.000,0.0,0,HAYIR,HAYIR
2026-08-18 11:02:03.165,0.00,0.00,0,0.0,0.0,0.000,0.0,0,HAYIR,HAYIR
2026-08-18 11:02:03.192,0.00,0.00,0,0.0,0.0,0.000,0.0,0,HAYIR,HAYIR
2026-08-18 11:02:03.204,0.00,0.00,0,0.0,0.0,0.000,0.0,0,HAYIR,HAYIR
2026-08-18 11:02:03.232,0.00,0.00,0,0.0,0.0,0.000,0.0,0,HAYIR,HAYIR
2026-08-18 11:02:03.244,0.00,0.00,0,0.0,0.0,0.000,0.0,0,HAYIR,HAYIR
2026-08-18 11:02:03.273,0.00,0.00,0,0.0,0.0,0.000,0.0,0,HAYIR,HAYIR
2026-08-18 11:02:03.284,0.00,0.00,0,0.0,0.0,0.000,0.0,0,HAYIR,HAYIR
2026-08-18 11:02:03.314,0.00,0.00,0,0.0,0.0,0.000,0.0,0,HAYIR,HAYIR
2026-08-18 11:02:03.324,0.00,0.00,0,0.0,0.0,0.000,0.0,0,HAYIR,HAYIR
2026-08-18 11:02:03.354,0.00,0.00,0,0.0,0.0,0.000,0.0,0,HAYIR,HAYIR
2026-08-18 11:02:03.364,0.00,0.00,0,0.0,0.0,0.000,0.0,0,HAYIR,HAYIR
2026-08-18 11:02:03.395,0.00,0.00,0,0.0,0.0,0.000,0.0,0,HAYIR,HAYIR
2026-08-18 11:02:03.404,0.00,0.00,0,0.0,0.0,0.000,0.0,0,HAYIR,HAYIR
2026-08-18 11:02:03.436,0.00,0.00,0,0.0,0.0,0.000,0.0,0,HAYIR,HAYIR
2026-08-18 11:02:03.444,0.00,0.00,0,0.0,0.0,0.000,0.0,0,HAYIR,HAYIR
2026-08-18 11:02:03.476,0.00,0.00,0,0.0,0.0,0.000,0.0,0,HAYIR,HAYIR
2026-08-18 11:02:03.484,0.00,0.00,0,0.0,0.0,0.000,0.0,0,HAYIR,HAYIR
2026-08-18 11:02:03.518,0.00,0.00,0,0.0,0.0,0.000,0.0,0,HAYIR,HAYIR
2026-08-18 11:02:03.524,0.00,0.00,0,0.0,0.0,0.000,0.0,0,HAYIR,HAYIR
2026-08-18 11:02:03.557,0.00,0.00,0,0.0,0.0,0.000,0.0,0,HAYIR,HAYIR
2026-08-18 11:02:03.564,0.00,0.00,0,0.0,0.0,0.000,0.0,0,HAYIR,HAYIR
2026-08-18 11:02:03.597,0.00,0.00,0,0.0,0.0,0.000,0.0,0,HAYIR,HAYIR
2026-08-18 11:02:03.604,0.00,0.00,0,0.0,0.0,0.000,0.0,0,HAYIR,HAYIR
2026-08-18 11:02:03.637,0.00,0.00,0,0.0,0.0,0.000,0.0,0,HAYIR,HAYIR
2026-08-18 11:02:03.644,0.00,0.00,0,0.0,0.0,0.000,0.0,0,HAYIR,HAYIR
2026-08-18 11:02:03.679,0.00,0.00,0,0.0,0.0,0.000,0.0,0,HAYIR,HAYIR
2026-08-18 11:02:03.684,0.00,0.00,0,0.0,0.0,0.000,0.0,0,HAYIR,HAYIR
2026-08-18 11:02:03.718,0.00,0.00,0,0.0,0.0,0.000,0.0,0,HAYIR,HAYIR
2026-08-18 11:02:03.724,0.00,0.00,0,0.0,0.0,0.000,0.0,0,HAYIR,HAYIR
2026-08-18 11:02:03.760,0.00,0.00,0,0.0,0.0,0.000,0.0,0,HAYIR,HAYIR
2026-08-18 11:02:03.764,0.00,0.00,0,0.0,0.0,0.000,0.0,0,HAYIR,HAYIR
2026-08-18 11:02:03.795,0.00,0.00,0,0.0,0.0,0.000,0.0,0,HAYIR,HAYIR
2026-08-18 11:02:03.804,0.00,0.00,0,0.0,0.0,0.000,0.0,0,HAYIR,HAYIR
2026-08-18 11:02:03.835,0.00,0.00,0,0.0,0.0,0.000,0.0,0,HAYIR,HAYIR
2026-08-18 11:02:03.844,0.00,0.00,0,0.0,0.0,0.000,0.0,0,HAYIR,HAYIR
2026-08-18 11:02:03.881,0.00,0.00,0,0.0,0.0,0.000,0.0,0,HAYIR,HAYIR
2026-08-18 11:02:03.884,0.00,0.00,0,0.0,0.0,0.000,0.0,0,HAYIR,HAYIR
2026-08-18 11:02:03.912,0.00,0.00,0,0.0,0.0,0.000,0.0,0,HAYIR,HAYIR
2026-08-18 11:02:03.924,0.00,0.00,0,0.0,0.0,0.000,0.0,0,HAYIR,HAYIR
2026-08-18 11:02:03.961,0.00,0.00,0,0.0,0.0,0.000,0.0,0,HAYIR,HAYIR
2026-08-18 11:02:03.964,0.00,0.00,0,0.0,0.0,0.000,0.0,0,HAYIR,HAYIR
2026-08-18 11:02:03.990,0.00,0.00,0,0.0,0.0,0.000,0.0,0,HAYIR,HAYIR
2026-08-18 11:02:04.005,0.00,0.00,0,0.0,0.0,0.000,0.0,0,HAYIR,HAYIR
2026-08-18 11:02:04.035,0.00,0.00,0,0.0,0.0,0.000,0.0,0,HAYIR,HAYIR
2026-08-18 11:02:04.044,0.00,0.00,0,0.0,0.0,0.000,0.0,0,HAYIR,HAYIR
2026-08-18 11:02:04.082,0.00,0.00,0,0.0,0.0,0.000,0.0,0,HAYIR,HAYIR
2026-08-18 11:02:04.085,0.00,0.00,0,0.0,0.0,0.000,0.0,0,HAYIR,HAYIR
2026-08-18 11:02:04.115,0.00,0.00,0,0.0,0.0,0.000,0.0,0,HAYIR,HAYIR
2026-08-18 11:02:04.125,0.00,0.00,0,0.0,0.0,0.000,0.0,0,HAYIR,HAYIR
2026-08-18 11:02:04.150,0.00,0.00,0,0.0,0.0,0.000,0.0,0,HAYIR,HAYIR
2026-08-18 11:02:04.165,0.00,0.00,0,0.0,0.0,0.000,0.0,0,HAYIR,HAYIR
2026-08-18 11:02:04.192,0.00,0.00,0,0.0,0.0,0.000,0.0,0,HAYIR,HAYIR
2026-08-18 11:02:04.206,0.00,0.00,0,0.0,0.0,0.000,0.0,0,HAYIR,HAYIR
2026-08-18 11:02:04.226,0.00,0.00,0,0.0,0.0,0.000,0.0,0,HAYIR,HAYIR
2026-08-18 11:02:04.246,0.00,0.00,0,0.0,0.0,0.000,0.0,0,HAYIR,HAYIR
2026-08-18 11:02:04.264,0.00,0.00,0,0.0,0.0,0.000,0.0,0,HAYIR,HAYIR
2026-08-18 11:02:04.287,0.00,0.00,0,0.0,0.0,0.000,0.0,0,HAYIR,HAYIR
2026-08-18 11:02:04.304,0.00,0.00,0,0.0,0.0,0.000,0.0,0,HAYIR,HAYIR
2026-08-18 11:02:04.327,0.00,0.00,0,0.0,0.0,0.000,0.0,0,HAYIR,HAYIR
2026-08-18 11:02:04.344,0.00,0.00,0,0.0,0.0,0.000,0.0,0,HAYIR,HAYIR
2026-08-18 11:02:04.368,0.00,0.00,0,0.0,0.0,0.000,0.0,0,HAYIR,HAYIR
2026-08-18 11:02:04.384,0.00,0.00,0,0.0,0.0,0.000,0.0,0,HAYIR,HAYIR
2026-08-18 11:02:04.410,0.00,0.00,0,0.0,0.0,0.000,0.0,0,HAYIR,HAYIR
2026-08-18 11:02:04.424,0.00,0.00,0,0.0,0.0,0.000,0.0,0,HAYIR,HAYIR
2026-08-18 11:02:04.449,0.00,0.00,0,0.0,0.0,0.000,0.0,0,HAYIR,HAYIR
2026-08-18 11:02:04.464,0.00,0.00,0,0.0,0.0,0.000,0.0,0,HAYIR,HAYIR
2026-08-18 11:02:04.489,0.00,0.00,0,0.0,0.0,0.000,0.0,0,HAYIR,HAYIR
2026-08-18 11:02:04.504,0.00,0.00,0,0.0,0.0,0.000,0.0,0,HAYIR,HAYIR
2026-08-18 11:02:04.530,0.00,0.00,0,0.0,0.0,0.000,0.0,0,HAYIR,HAYIR
2026-08-18 11:02:04.544,0.00,0.00,0,0.0,0.0,0.000,0.0,0,HAYIR,HAYIR
2026-08-18 11:02:04.570,0.00,0.00,0,0.0,0.0,0.000,0.0,0,HAYIR,HAYIR
2026-08-18 11:02:04.584,0.00,0.00,0,0.0,0.0,0.000,0.0,0,HAYIR,HAYIR
2026-08-18 11:02:04.611,0.00,0.00,0,0.0,0.0,0.000,0.0,0,HAYIR,HAYIR
2026-08-18 11:02:04.624,0.00,0.00,0,0.0,0.0,0.000,0.0,0,HAYIR,HAYIR
2026-08-18 11:02:04.651,0.00,0.00,0,0.0,0.0,0.000,0.0,0,HAYIR,HAYIR
2026-08-18 11:02:04.664,0.00,0.00,0,0.0,0.0,0.000,0.0,0,HAYIR,HAYIR
2026-08-18 11:02:04.692,0.00,0.00,0,0.0,0.0,0.000,0.0,0,HAYIR,HAYIR
2026-08-18 11:02:04.704,0.00,0.00,0,0.0,0.0,0.000,0.0,0,HAYIR,HAYIR
2026-08-18 11:02:04.733,0.00,0.00,0,0.0,0.0,0.000,0.0,0,HAYIR,HAYIR
2026-08-18 11:02:04.744,0.00,0.00,0,0.0,0.0,0.000,0.0,0,HAYIR,HAYIR
2026-08-18 11:02:04.774,0.00,0.00,0,0.0,0.0,0.000,0.0,0,HAYIR,HAYIR
2026-08-18 11:02:04.784,0.00,0.00,0,0.0,0.0,0.000,0.0,0,HAYIR,HAYIR
2026-08-18 11:02:04.813,0.00,0.00,0,0.0,0.0,0.000,0.0,0,HAYIR,HAYIR
2026-08-18 11:02:04.824,0.00,0.00,0,0.0,0.0,0.000,0.0,0,HAYIR,HAYIR
2026-08-18 11:02:04.854,0.00,0.00,0,0.0,0.0,0.000,0.0,0,HAYIR,HAYIR
2026-08-18 11:02:04.864,0.00,0.00,0,0.0,0.0,0.000,0.0,0,HAYIR,HAYIR
2026-08-18 11:02:04.895,0.00,0.00,0,0.0,0.0,0.000,0.0,0,HAYIR,HAYIR
2026-08-18 11:02:04.904,0.00,0.00,0,0.0,0.0,0.000,0.0,0,HAYIR,HAYIR
2026-08-18 11:02:04.935,0.00,0.00,0,0.0,0.0,0.000,0.0,0,HAYIR,HAYIR
2026-08-18 11:02:04.944,0.00,0.00,0,0.0,0.0,0.000,0.0,0,HAYIR,HAYIR
2026-08-18 11:02:04.975,0.00,0.00,0,0.0,0.0,0.000,0.0,0,HAYIR,HAYIR
2026-08-18 11:02:04.984,0.00,0.00,0,0.0,0.0,0.000,0.0,0,HAYIR,HAYIR
2026-08-18 11:02:05.016,0.00,0.00,0,0.0,0.0,0.000,0.0,0,HAYIR,HAYIR
2026-08-18 11:02:05.024,0.00,0.00,0,0.0,0.0,0.000,0.0,0,HAYIR,HAYIR
2026-08-18 11:02:05.057,0.00,0.00,0,0.0,0.0,0.000,0.0,0,HAYIR,HAYIR
2026-08-18 11:02:05.064,0.00,0.00,0,0.0,0.0,0.000,0.0,0,HAYIR,HAYIR
2026-08-18 11:02:05.097,0.00,0.00,0,0.0,0.0,0.000,0.0,0,HAYIR,HAYIR
2026-08-18 11:02:05.104,0.00,0.00,0,0.0,0.0,0.000,0.0,0,HAYIR,HAYIR
2026-08-18 11:02:05.137,0.00,0.00,0,0.0,0.0,0.000,0.0,0,HAYIR,HAYIR
2026-08-18 11:02:05.144,0.00,0.00,0,0.0,0.0,0.000,0.0,0,HAYIR,HAYIR
2026-08-18 11:02:05.177,0.00,0.00,0,0.0,0.0,0.000,0.0,0,HAYIR,HAYIR
2026-08-18 11:02:05.184,0.00,0.00,0,0.0,0.0,0.000,0.0,0,HAYIR,HAYIR
2026-08-18 11:02:05.218,0.00,0.00,0,0.0,0.0,0.000,0.0,0,HAYIR,HAYIR
2026-08-18 11:02:05.224,0.00,0.00,0,0.0,0.0,0.000,0.0,0,HAYIR,HAYIR
2026-08-18 11:02:05.261,0.00,0.00,0,0.0,0.0,0.000,0.0,0,HAYIR,HAYIR
2026-08-18 11:02:05.264,0.00,0.00,0,0.0,0.0,0.000,0.0,0,HAYIR,HAYIR
2026-08-18 11:02:05.300,0.00,0.00,0,0.0,0.0,0.000,0.0,0,HAYIR,HAYIR
2026-08-18 11:02:05.304,0.00,0.00,0,0.0,0.0,0.000,0.0,0,HAYIR,HAYIR
2026-08-18 11:02:05.340,0.00,0.00,0,0.0,0.0,0.000,0.0,0,HAYIR,HAYIR
2026-08-18 11:02:05.344,0.00,0.00,0,0.0,0.0,0.000,0.0,0,HAYIR,HAYIR
2026-08-18 11:02:05.380,0.00,0.00,0,0.0,0.0,0.000,0.0,0,HAYIR,HAYIR
2026-08-18 11:02:05.384,0.00,0.00,0,0.0,0.0,0.000,0.0,0,HAYIR,HAYIR
2026-08-18 11:02:05.422,0.00,0.00,0,0.0,0.0,0.000,0.0,0,HAYIR,HAYIR
2026-08-18 11:02:05.424,0.00,0.00,0,0.0,0.0,0.000,0.0,0,HAYIR,HAYIR
2026-08-18 11:02:05.461,0.00,0.00,0,0.0,0.0,0.000,0.0,0,HAYIR,HAYIR
2026-08-18 11:02:05.464,0.00,0.00,0,0.0,0.0,0.000,0.0,0,HAYIR,HAYIR
2026-08-18 11:02:05.500,0.00,0.00,0,0.0,0.0,0.000,0.0,0,HAYIR,HAYIR
2026-08-18 11:02:05.504,0.00,0.00,0,0.0,0.0,0.000,0.0,0,HAYIR,HAYIR
2026-08-18 11:02:05.540,0.00,0.00,0,0.0,0.0,0.000,0.0,0,HAYIR,HAYIR
2026-08-18 11:02:05.544,0.00,0.00,0,0.0,0.0,0.000,0.0,0,HAYIR,HAYIR
2026-08-18 11:02:05.576,0.00,0.00,0,0.0,0.0,0.000,0.0,0,HAYIR,HAYIR
2026-08-18 11:02:05.584,0.00,0.00,0,0.0,0.0,0.000,0.0,0,HAYIR,HAYIR
2026-08-18 11:02:05.622,0.00,0.00,0,0.0,0.0,0.000,0.0,0,HAYIR,HAYIR
2026-08-18 11:02:05.625,0.00,0.00,0,0.0,0.0,0.000,0.0,0,HAYIR,HAYIR
2026-08-18 11:02:05.655,0.00,0.00,0,0.0,0.0,0.000,0.0,0,HAYIR,HAYIR
2026-08-18 11:02:05.665,0.00,0.00,0,0.0,0.0,0.000,0.0,0,HAYIR,HAYIR
2026-08-18 11:02:05.705,0.00,0.00,0,0.0,0.0,0.000,0.0,0,HAYIR,HAYIR
2026-08-18 11:02:05.707,0.00,0.00,0,0.0,0.0,0.000,0.0,0,HAYIR,HAYIR
2026-08-18 11:02:05.730,0.00,0.00,0,0.0,0.0,0.000,0.0,0,HAYIR,HAYIR
2026-08-18 11:02:05.746,0.00,0.00,0,0.0,0.0,0.000,0.0,0,HAYIR,HAYIR
2026-08-18 11:02:05.764,0.00,0.00,0,0.0,0.0,0.000,0.0,0,HAYIR,HAYIR
2026-08-18 11:02:05.787,0.00,0.00,0,0.0,0.0,0.000,0.0,0,HAYIR,HAYIR
2026-08-18 11:02:05.804,0.00,0.00,0,0.0,0.0,0.000,0.0,0,HAYIR,HAYIR
2026-08-18 11:02:05.827,0.00,0.00,0,0.0,0.0,0.000,0.0,0,HAYIR,HAYIR
2026-08-18 11:02:05.844,0.00,0.00,0,0.0,0.0,0.000,0.0,0,HAYIR,HAYIR
2026-08-18 11:02:05.868,0.00,0.00,0,0.0,0.0,0.000,0.0,0,HAYIR,HAYIR
2026-08-18 11:02:05.884,0.00,0.00,0,0.0,0.0,0.000,0.0,0,HAYIR,HAYIR
2026-08-18 11:02:05.908,0.00,0.00,0,0.0,0.0,0.000,0.0,0,HAYIR,HAYIR
2026-08-18 11:02:05.924,0.00,0.00,0,0.0,0.0,0.000,0.0,0,HAYIR,HAYIR
2026-08-18 11:02:05.949,0.00,0.00,0,0.0,0.0,0.000,0.0,0,HAYIR,HAYIR
2026-08-18 11:02:05.964,0.00,0.00,0,0.0,0.0,0.000,0.0,0,HAYIR,HAYIR
2026-08-18 11:02:05.989,0.00,0.00,0,0.0,0.0,0.000,0.0,0,HAYIR,HAYIR
2026-08-18 11:02:06.004,0.00,0.00,0,0.0,0.0,0.000,0.0,0,HAYIR,HAYIR
2026-08-18 11:02:06.031,0.00,0.00,0,0.0,0.0,0.000,0.0,0,HAYIR,HAYIR
2026-08-18 11:02:06.044,0.00,0.00,0,0.0,0.0,0.000,0.0,0,HAYIR,HAYIR
2026-08-18 11:02:06.071,0.00,0.00,0,0.0,0.0,0.000,0.0,0,HAYIR,HAYIR
2026-08-18 11:02:06.084,0.00,0.00,0,0.0,0.0,0.000,0.0,0,HAYIR,HAYIR
2026-08-18 11:02:06.110,0.00,0.00,0,0.0,0.0,0.000,0.0,0,HAYIR,HAYIR
2026-08-18 11:02:06.124,0.00,0.00,0,0.0,0.0,0.000,0.0,0,HAYIR,HAYIR
2026-08-18 11:02:06.151,0.00,0.00,0,0.0,0.0,0.000,0.0,0,HAYIR,HAYIR
2026-08-18 11:02:06.164,0.00,0.00,0,0.0,0.0,0.000,0.0,0,HAYIR,HAYIR
2026-08-18 11:02:06.192,0.00,0.00,0,0.0,0.0,0.000,0.0,0,HAYIR,HAYIR
2026-08-18 11:02:06.204,0.00,0.00,0,0.0,0.0,0.000,0.0,0,HAYIR,HAYIR
2026-08-18 11:02:06.233,0.00,0.00,0,0.0,0.0,0.000,0.0,0,HAYIR,HAYIR
2026-08-18 11:02:06.244,0.00,0.00,0,0.0,0.0,0.000,0.0,0,HAYIR,HAYIR
2026-08-18 11:02:06.274,0.00,0.00,0,0.0,0.0,0.000,0.0,0,HAYIR,HAYIR
2026-08-18 11:02:06.284,0.00,0.00,0,0.0,0.0,0.000,0.0,0,HAYIR,HAYIR
2026-08-18 11:02:06.314,0.00,0.00,0,0.0,0.0,0.000,0.0,0,HAYIR,HAYIR
2026-08-18 11:02:06.324,0.00,0.00,0,0.0,0.0,0.000,0.0,0,HAYIR,HAYIR
2026-08-18 11:02:06.355,0.00,0.00,0,0.0,0.0,0.000,0.0,0,HAYIR,HAYIR
2026-08-18 11:02:06.364,0.00,0.00,0,0.0,0.0,0.000,0.0,0,HAYIR,HAYIR
2026-08-18 11:02:06.395,0.00,0.00,0,0.0,0.0,0.000,0.0,0,HAYIR,HAYIR
2026-08-18 11:02:06.404,0.00,0.00,0,0.0,0.0,0.000,0.0,0,HAYIR,HAYIR
2026-08-18 11:02:06.435,0.00,0.00,0,0.0,0.0,0.000,0.0,0,HAYIR,HAYIR
2026-08-18 11:02:06.444,0.00,0.00,0,0.0,0.0,0.000,0.0,0,HAYIR,HAYIR
2026-08-18 11:02:06.475,0.00,0.00,0,0.0,0.0,0.000,0.0,0,HAYIR,HAYIR
2026-08-18 11:02:06.484,0.00,0.00,0,0.0,0.0,0.000,0.0,0,HAYIR,HAYIR
2026-08-18 11:02:06.511,0.00,0.00,0,0.0,0.0,0.000,0.0,0,HAYIR,HAYIR
2026-08-18 11:02:06.524,0.00,0.00,0,0.0,0.0,0.000,0.0,0,HAYIR,HAYIR
2026-08-18 11:02:06.553,0.00,0.00,0,0.0,0.0,0.000,0.0,0,HAYIR,HAYIR
2026-08-18 11:02:06.564,0.00,0.00,0,0.0,0.0,0.000,0.0,0,HAYIR,HAYIR
2026-08-18 11:02:06.597,0.00,0.00,0,0.0,0.0,0.000,0.0,0,HAYIR,HAYIR
2026-08-18 11:02:06.604,0.00,0.00,0,0.0,0.0,0.000,0.0,0,HAYIR,HAYIR
2026-08-18 11:02:06.636,0.00,0.00,0,0.0,0.0,0.000,0.0,0,HAYIR,HAYIR
2026-08-18 11:02:06.644,0.00,0.00,0,0.0,0.0,0.000,0.0,0,HAYIR,HAYIR
2026-08-18 11:02:06.678,0.00,0.00,0,0.0,0.0,0.000,0.0,0,HAYIR,HAYIR
2026-08-18 11:02:06.684,0.00,0.00,0,0.0,0.0,0.000,0.0,0,HAYIR,HAYIR
2026-08-18 11:02:06.712,0.00,0.00,0,0.0,0.0,0.000,0.0,0,HAYIR,HAYIR
2026-08-18 11:02:06.724,0.00,0.00,0,0.0,0.0,0.000,0.0,0,HAYIR,HAYIR
2026-08-18 11:02:06.759,0.00,0.00,0,0.0,0.0,0.000,0.0,0,HAYIR,HAYIR
2026-08-18 11:02:06.764,0.00,0.00,0,0.0,0.0,0.000,0.0,0,HAYIR,HAYIR
2026-08-18 11:02:06.798,0.00,0.00,0,0.0,0.0,0.000,0.0,0,HAYIR,HAYIR
2026-08-18 11:02:06.804,0.00,0.00,0,0.0,0.0,0.000,0.0,0,HAYIR,HAYIR
2026-08-18 11:02:06.841,0.00,0.00,0,0.0,0.0,0.000,0.0,0,HAYIR,HAYIR
2026-08-18 11:02:06.844,0.00,0.00,0,0.0,0.0,0.000,0.0,0,HAYIR,HAYIR
2026-08-18 11:02:06.881,0.00,0.00,0,0.0,0.0,0.000,0.0,0,HAYIR,HAYIR
2026-08-18 11:02:06.884,0.00,0.00,0,0.0,0.0,0.000,0.0,0,HAYIR,HAYIR
2026-08-18 11:02:06.914,0.00,0.00,0,0.0,0.0,0.000,0.0,0,HAYIR,HAYIR
2026-08-18 11:02:06.924,0.00,0.00,0,0.0,0.0,0.000,0.0,0,HAYIR,HAYIR
2026-08-18 11:02:06.951,0.00,0.00,0,0.0,0.0,0.000,0.0,0,HAYIR,HAYIR
2026-08-18 11:02:06.964,0.00,0.00,0,0.0,0.0,0.000,0.0,0,HAYIR,HAYIR
2026-08-18 11:02:07.002,0.00,0.00,0,0.0,0.0,0.000,0.0,0,HAYIR,HAYIR
2026-08-18 11:02:07.004,0.00,0.00,0,0.0,0.0,0.000,0.0,0,HAYIR,HAYIR
2026-08-18 11:02:07.035,0.00,0.00,0,0.0,0.0,0.000,0.0,0,HAYIR,HAYIR
2026-08-18 11:02:07.044,0.00,0.00,0,0.0,0.0,0.000,0.0,0,HAYIR,HAYIR
2026-08-18 11:02:07.082,0.00,0.00,0,0.0,0.0,0.000,0.0,0,HAYIR,HAYIR
2026-08-18 11:02:07.084,0.00,0.00,0,0.0,0.0,0.000,0.0,0,HAYIR,HAYIR
2026-08-18 11:02:07.114,0.00,0.00,0,0.0,0.0,0.000,0.0,0,HAYIR,HAYIR
2026-08-18 11:02:07.125,0.00,0.00,0,0.0,0.0,0.000,0.0,0,HAYIR,HAYIR
2026-08-18 11:02:07.153,0.00,0.00,0,0.0,0.0,0.000,0.0,0,HAYIR,HAYIR
2026-08-18 11:02:07.165,0.00,0.00,0,0.0,0.0,0.000,0.0,0,HAYIR,HAYIR
2026-08-18 11:02:07.190,0.00,0.00,0,0.0,0.0,0.000,0.0,0,HAYIR,HAYIR
2026-08-18 11:02:07.206,0.00,0.00,0,0.0,0.0,0.000,0.0,0,HAYIR,HAYIR
2026-08-18 11:02:07.232,0.00,0.00,0,0.0,0.0,0.000,0.0,0,HAYIR,HAYIR
2026-08-18 11:02:07.246,0.00,0.00,0,0.0,0.0,0.000,0.0,0,HAYIR,HAYIR
2026-08-18 11:02:07.265,0.00,0.00,0,0.0,0.0,0.000,0.0,0,HAYIR,HAYIR
2026-08-18 11:02:07.287,0.00,0.00,0,0.0,0.0,0.000,0.0,0,HAYIR,HAYIR
2026-08-18 11:02:07.304,0.00,0.00,0,0.0,0.0,0.000,0.0,0,HAYIR,HAYIR
2026-08-18 11:02:07.327,0.00,0.00,0,0.0,0.0,0.000,0.0,0,HAYIR,HAYIR
2026-08-18 11:02:07.344,0.00,0.00,0,0.0,0.0,0.000,0.0,0,HAYIR,HAYIR
2026-08-18 11:02:07.368,0.00,0.00,0,0.0,0.0,0.000,0.0,0,HAYIR,HAYIR
2026-08-18 11:02:07.384,0.00,0.00,0,0.0,0.0,0.000,0.0,0,HAYIR,HAYIR
2026-08-18 11:02:07.407,0.00,0.00,0,0.0,0.0,0.000,0.0,0,HAYIR,HAYIR
2026-08-18 11:02:07.424,0.00,0.00,0,0.0,0.0,0.000,0.0,0,HAYIR,HAYIR
2026-08-18 11:02:07.449,0.00,0.00,0,0.0,0.0,0.000,0.0,0,HAYIR,HAYIR
2026-08-18 11:02:07.464,0.00,0.00,0,0.0,0.0,0.000,0.0,0,HAYIR,HAYIR
2026-08-18 11:02:07.489,0.00,0.00,0,0.0,0.0,0.000,0.0,0,HAYIR,HAYIR
2026-08-18 11:02:07.504,0.00,0.00,0,0.0,0.0,0.000,0.0,0,HAYIR,HAYIR
2026-08-18 11:02:07.529,0.00,0.00,0,0.0,0.0,0.000,0.0,0,HAYIR,HAYIR
2026-08-18 11:02:07.544,0.00,0.00,0,0.0,0.0,0.000,0.0,0,HAYIR,HAYIR
2026-08-18 11:02:07.570,0.00,0.00,0,0.0,0.0,0.000,0.0,0,HAYIR,HAYIR
2026-08-18 11:02:07.584,0.00,0.00,0,0.0,0.0,0.000,0.0,0,HAYIR,HAYIR
2026-08-18 11:02:07.610,0.00,0.00,0,0.0,0.0,0.000,0.0,0,HAYIR,HAYIR
2026-08-18 11:02:07.624,0.00,0.00,0,0.0,0.0,0.000,0.0,0,HAYIR,HAYIR
2026-08-18 11:02:07.651,0.00,0.00,0,0.0,0.0,0.000,0.0,0,HAYIR,HAYIR
2026-08-18 11:02:07.664,0.00,0.00,0,0.0,0.0,0.000,0.0,0,HAYIR,HAYIR
2026-08-18 11:02:07.691,0.00,0.00,0,0.0,0.0,0.000,0.0,0,HAYIR,HAYIR
2026-08-18 11:02:07.704,0.00,0.00,0,0.0,0.0,0.000,0.0,0,HAYIR,HAYIR
2026-08-18 11:02:07.733,0.00,0.00,0,0.0,0.0,0.000,0.0,0,HAYIR,HAYIR
2026-08-18 11:02:07.744,0.00,0.00,0,0.0,0.0,0.000,0.0,0,HAYIR,HAYIR
2026-08-18 11:02:07.774,0.00,0.00,0,0.0,0.0,0.000,0.0,0,HAYIR,HAYIR
2026-08-18 11:02:07.784,0.00,0.00,0,0.0,0.0,0.000,0.0,0,HAYIR,HAYIR
2026-08-18 11:02:07.814,0.00,0.00,0,0.0,0.0,0.000,0.0,0,HAYIR,HAYIR
2026-08-18 11:02:07.824,0.00,0.00,0,0.0,0.0,0.000,0.0,0,HAYIR,HAYIR
2026-08-18 11:02:07.851,0.00,0.00,0,0.0,0.0,0.000,0.0,0,HAYIR,HAYIR
2026-08-18 11:02:07.864,0.00,0.00,0,0.0,0.0,0.000,0.0,0,HAYIR,HAYIR
2026-08-18 11:02:07.894,0.00,0.00,0,0.0,0.0,0.000,0.0,0,HAYIR,HAYIR
2026-08-18 11:02:07.904,0.00,0.00,0,0.0,0.0,0.000,0.0,0,HAYIR,HAYIR
2026-08-18 11:02:07.935,0.00,0.00,0,0.0,0.0,0.000,0.0,0,HAYIR,HAYIR
2026-08-18 11:02:07.944,0.00,0.00,0,0.0,0.0,0.000,0.0,0,HAYIR,HAYIR
2026-08-18 11:02:07.974,0.00,0.00,0,0.0,0.0,0.000,0.0,0,HAYIR,HAYIR
2026-08-18 11:02:07.984,0.00,0.00,0,0.0,0.0,0.000,0.0,0,HAYIR,HAYIR
2026-08-18 11:02:08.014,0.00,0.00,0,0.0,0.0,0.000,0.0,0,HAYIR,HAYIR
2026-08-18 11:02:08.024,0.00,0.00,0,0.0,0.0,0.000,0.0,0,HAYIR,HAYIR
2026-08-18 11:02:08.055,0.00,0.00,0,0.0,0.0,0.000,0.0,0,HAYIR,HAYIR
2026-08-18 11:02:08.064,0.00,0.00,0,0.0,0.0,0.000,0.0,0,HAYIR,HAYIR
2026-08-18 11:02:08.097,0.00,0.00,0,0.0,0.0,0.000,0.0,0,HAYIR,HAYIR
2026-08-18 11:02:08.104,0.00,0.00,0,0.0,0.0,0.000,0.0,0,HAYIR,HAYIR
2026-08-18 11:02:08.136,0.00,0.00,0,0.0,0.0,0.000,0.0,0,HAYIR,HAYIR
2026-08-18 11:02:08.144,0.00,0.00,0,0.0,0.0,0.000,0.0,0,HAYIR,HAYIR
2026-08-18 11:02:08.178,0.00,0.00,0,0.0,0.0,0.000,0.0,0,HAYIR,HAYIR
2026-08-18 11:02:08.184,0.00,0.00,0,0.0,0.0,0.000,0.0,0,HAYIR,HAYIR
2026-08-18 11:02:08.217,0.00,0.00,0,0.0,0.0,0.000,0.0,0,HAYIR,HAYIR
2026-08-18 11:02:08.224,0.00,0.00,0,0.0,0.0,0.000,0.0,0,HAYIR,HAYIR
2026-08-18 11:02:08.259,0.00,0.00,0,0.0,0.0,0.000,0.0,0,HAYIR,HAYIR
2026-08-18 11:02:08.264,0.00,0.00,0,0.0,0.0,0.000,0.0,0,HAYIR,HAYIR
2026-08-18 11:02:08.300,0.00,0.00,0,0.0,0.0,0.000,0.0,0,HAYIR,HAYIR
2026-08-18 11:02:08.304,0.00,0.00,0,0.0,0.0,0.000,0.0,0,HAYIR,HAYIR
2026-08-18 11:02:08.338,0.00,0.00,0,0.0,0.0,0.000,0.0,0,HAYIR,HAYIR
2026-08-18 11:02:08.344,0.00,0.00,0,0.0,0.0,0.000,0.0,0,HAYIR,HAYIR
2026-08-18 11:02:08.380,0.00,0.00,0,0.0,0.0,0.000,0.0,0,HAYIR,HAYIR
2026-08-18 11:02:08.384,0.00,0.00,0,0.0,0.0,0.000,0.0,0,HAYIR,HAYIR
2026-08-18 11:02:08.416,0.00,0.00,0,0.0,0.0,0.000,0.0,0,HAYIR,HAYIR
2026-08-18 11:02:08.424,0.00,0.00,0,0.0,0.0,0.000,0.0,0,HAYIR,HAYIR
2026-08-18 11:02:08.458,0.00,0.00,0,0.0,0.0,0.000,0.0,0,HAYIR,HAYIR
2026-08-18 11:02:08.464,0.00,0.00,0,0.0,0.0,0.000,0.0,0,HAYIR,HAYIR
2026-08-18 11:02:08.501,0.00,0.00,0,0.0,0.0,0.000,0.0,0,HAYIR,HAYIR
2026-08-18 11:02:08.504,0.00,0.00,0,0.0,0.0,0.000,0.0,0,HAYIR,HAYIR
2026-08-18 11:02:08.542,0.00,0.00,0,0.0,0.0,0.000,0.0,0,HAYIR,HAYIR
2026-08-18 11:02:08.544,0.00,0.00,0,0.0,0.0,0.000,0.0,0,HAYIR,HAYIR
2026-08-18 11:02:08.576,0.00,0.00,0,0.0,0.0,0.000,0.0,0,HAYIR,HAYIR
2026-08-18 11:02:08.585,0.00,0.00,0,0.0,0.0,0.000,0.0,0,HAYIR,HAYIR
2026-08-18 11:02:08.623,0.00,0.00,0,0.0,0.0,0.000,0.0,0,HAYIR,HAYIR
2026-08-18 11:02:08.625,0.00,0.00,0,0.0,0.0,0.000,0.0,0,HAYIR,HAYIR
2026-08-18 11:02:08.657,0.00,0.00,0,0.0,0.0,0.000,0.0,0,HAYIR,HAYIR
2026-08-18 11:02:08.665,0.00,0.00,0,0.0,0.0,0.000,0.0,0,HAYIR,HAYIR
2026-08-18 11:02:08.705,0.00,0.00,0,0.0,0.0,0.000,0.0,0,HAYIR,HAYIR
2026-08-18 11:02:08.706,0.00,0.00,0,0.0,0.0,0.000,0.0,0,HAYIR,HAYIR
2026-08-18 11:02:08.745,0.00,0.00,0,0.0,0.0,0.000,0.0,0,HAYIR,HAYIR
2026-08-18 11:02:08.747,0.00,0.00,0,0.0,0.0,0.000,0.0,0,HAYIR,HAYIR
2026-08-18 11:02:08.774,0.00,0.00,0,0.0,0.0,0.000,0.0,0,HAYIR,HAYIR
2026-08-18 11:02:08.787,0.00,0.00,0,0.0,0.0,0.000,0.0,0,HAYIR,HAYIR
2026-08-18 11:02:08.804,0.00,0.00,0,0.0,0.0,0.000,0.0,0,HAYIR,HAYIR
2026-08-18 11:02:08.826,0.00,0.00,0,0.0,0.0,0.000,0.0,0,HAYIR,HAYIR
2026-08-18 11:02:08.844,0.00,0.00,0,0.0,0.0,0.000,0.0,0,HAYIR,HAYIR
2026-08-18 11:02:08.868,0.00,0.00,0,0.0,0.0,0.000,0.0,0,HAYIR,HAYIR
2026-08-18 11:02:08.884,0.00,0.00,0,0.0,0.0,0.000,0.0,0,HAYIR,HAYIR
2026-08-18 11:02:08.908,0.00,0.00,0,0.0,0.0,0.000,0.0,0,HAYIR,HAYIR
2026-08-18 11:02:08.924,0.00,0.00,0,0.0,0.0,0.000,0.0,0,HAYIR,HAYIR
2026-08-18 11:02:08.948,0.00,0.00,0,0.0,0.0,0.000,0.0,0,HAYIR,HAYIR
2026-08-18 11:02:08.964,0.00,0.00,0,0.0,0.0,0.000,0.0,0,HAYIR,HAYIR
2026-08-18 11:02:08.989,0.00,0.00,0,0.0,0.0,0.000,0.0,0,HAYIR,HAYIR
2026-08-18 11:02:09.004,0.00,0.00,0,0.0,0.0,0.000,0.0,0,HAYIR,HAYIR
2026-08-18 11:02:09.029,0.00,0.00,0,0.0,0.0,0.000,0.0,0,HAYIR,HAYIR
2026-08-18 11:02:09.044,0.00,0.00,0,0.0,0.0,0.000,0.0,0,HAYIR,HAYIR
2026-08-18 11:02:09.070,0.00,0.00,0,0.0,0.0,0.000,0.0,0,HAYIR,HAYIR
2026-08-18 11:02:09.084,0.00,0.00,0,0.0,0.0,0.000,0.0,0,HAYIR,HAYIR
2026-08-18 11:02:09.110,0.00,0.00,0,0.0,0.0,0.000,0.0,0,HAYIR,HAYIR
2026-08-18 11:02:09.124,0.00,0.00,0,0.0,0.0,0.000,0.0,0,HAYIR,HAYIR
2026-08-18 11:02:09.151,0.00,0.00,0,0.0,0.0,0.000,0.0,0,HAYIR,HAYIR
2026-08-18 11:02:09.164,0.00,0.00,0,0.0,0.0,0.000,0.0,0,HAYIR,HAYIR
2026-08-18 11:02:09.192,0.00,0.00,0,0.0,0.0,0.000,0.0,0,HAYIR,HAYIR
2026-08-18 11:02:09.204,0.00,0.00,0,0.0,0.0,0.000,0.0,0,HAYIR,HAYIR
2026-08-18 11:02:09.232,0.00,0.00,0,0.0,0.0,0.000,0.0,0,HAYIR,HAYIR
2026-08-18 11:02:09.244,0.00,0.00,0,0.0,0.0,0.000,0.0,0,HAYIR,HAYIR
2026-08-18 11:02:09.273,0.00,0.00,0,0.0,0.0,0.000,0.0,0,HAYIR,HAYIR
2026-08-18 11:02:09.284,0.00,0.00,0,0.0,0.0,0.000,0.0,0,HAYIR,HAYIR
2026-08-18 11:02:09.314,0.00,0.00,0,0.0,0.0,0.000,0.0,0,HAYIR,HAYIR
2026-08-18 11:02:09.324,0.00,0.00,0,0.0,0.0,0.000,0.0,0,HAYIR,HAYIR
2026-08-18 11:02:09.353,0.00,0.00,0,0.0,0.0,0.000,0.0,0,HAYIR,HAYIR
2026-08-18 11:02:09.364,0.00,0.00,0,0.0,0.0,0.000,0.0,0,HAYIR,HAYIR
2026-08-18 11:02:09.394,0.00,0.00,0,0.0,0.0,0.000,0.0,0,HAYIR,HAYIR
2026-08-18 11:02:09.404,0.00,0.00,0,0.0,0.0,0.000,0.0,0,HAYIR,HAYIR
2026-08-18 11:02:09.435,0.00,0.00,0,0.0,0.0,0.000,0.0,0,HAYIR,HAYIR
2026-08-18 11:02:09.444,0.00,0.00,0,0.0,0.0,0.000,0.0,0,HAYIR,HAYIR
2026-08-18 11:02:09.475,0.00,0.00,0,0.0,0.0,0.000,0.0,0,HAYIR,HAYIR
2026-08-18 11:02:09.484,0.00,0.00,0,0.0,0.0,0.000,0.0,0,HAYIR,HAYIR
2026-08-18 11:02:09.515,0.00,0.00,0,0.0,0.0,0.000,0.0,0,HAYIR,HAYIR
2026-08-18 11:02:09.524,0.00,0.00,0,0.0,0.0,0.000,0.0,0,HAYIR,HAYIR
2026-08-18 11:02:09.555,0.00,0.00,0,0.0,0.0,0.000,0.0,0,HAYIR,HAYIR
2026-08-18 11:02:09.564,0.00,0.00,0,0.0,0.0,0.000,0.0,0,HAYIR,HAYIR
2026-08-18 11:02:09.596,0.00,0.00,0,0.0,0.0,0.000,0.0,0,HAYIR,HAYIR
2026-08-18 11:02:09.604,0.00,0.00,0,0.0,0.0,0.000,0.0,0,HAYIR,HAYIR
2026-08-18 11:02:09.637,0.00,0.00,0,0.0,0.0,0.000,0.0,0,HAYIR,HAYIR
2026-08-18 11:02:09.644,0.00,0.00,0,0.0,0.0,0.000,0.0,0,HAYIR,HAYIR
2026-08-18 11:02:09.678,0.00,0.00,0,0.0,0.0,0.000,0.0,0,HAYIR,HAYIR
2026-08-18 11:02:09.684,0.00,0.00,0,0.0,0.0,0.000,0.0,0,HAYIR,HAYIR
2026-08-18 11:02:09.718,0.00,0.00,0,0.0,0.0,0.000,0.0,0,HAYIR,HAYIR
2026-08-18 11:02:09.724,0.00,0.00,0,0.0,0.0,0.000,0.0,0,HAYIR,HAYIR
2026-08-18 11:02:09.760,0.00,0.00,0,0.0,0.0,0.000,0.0,0,HAYIR,HAYIR
2026-08-18 11:02:09.765,0.00,0.00,0,0.0,0.0,0.000,0.0,0,HAYIR,HAYIR
2026-08-18 11:02:09.799,0.00,0.00,0,0.0,0.0,0.000,0.0,0,HAYIR,HAYIR
2026-08-18 11:02:09.805,0.00,0.00,0,0.0,0.0,0.000,0.0,0,HAYIR,HAYIR
2026-08-18 11:02:09.842,0.00,0.00,0,0.0,0.0,0.000,0.0,0,HAYIR,HAYIR
2026-08-18 11:02:09.844,0.00,0.00,0,0.0,0.0,0.000,0.0,0,HAYIR,HAYIR
2026-08-18 11:02:09.881,0.00,0.00,0,0.0,0.0,0.000,0.0,0,HAYIR,HAYIR
2026-08-18 11:02:09.884,0.00,0.00,0,0.0,0.0,0.000,0.0,0,HAYIR,HAYIR
2026-08-18 11:02:09.917,0.00,0.00,0,0.0,0.0,0.000,0.0,0,HAYIR,HAYIR
2026-08-18 11:02:09.924,0.00,0.00,0,0.0,0.0,0.000,0.0,0,HAYIR,HAYIR
2026-08-18 11:02:09.961,0.00,0.00,0,0.0,0.0,0.000,0.0,0,HAYIR,HAYIR
2026-08-18 11:02:09.964,0.00,0.00,0,0.0,0.0,0.000,0.0,0,HAYIR,HAYIR
2026-08-18 11:02:10.001,0.00,0.00,0,0.0,0.0,0.000,0.0,0,HAYIR,HAYIR
2026-08-18 11:02:10.004,0.00,0.00,0,0.0,0.0,0.000,0.0,0,HAYIR,HAYIR
2026-08-18 11:02:10.031,0.00,0.00,0,0.0,0.0,0.000,0.0,0,HAYIR,HAYIR
2026-08-18 11:02:10.044,0.00,0.00,0,0.0,0.0,0.000,0.0,0,HAYIR,HAYIR
2026-08-18 11:02:10.082,0.00,0.00,0,0.0,0.0,0.000,0.0,0,HAYIR,HAYIR
2026-08-18 11:02:10.084,0.00,0.00,0,0.0,0.0,0.000,0.0,0,HAYIR,HAYIR
2026-08-18 11:02:10.115,0.00,0.00,0,0.0,0.0,0.000,0.0,0,HAYIR,HAYIR
2026-08-18 11:02:10.125,0.00,0.00,0,0.0,0.0,0.000,0.0,0,HAYIR,HAYIR
2026-08-18 11:02:10.164,0.00,0.00,0,0.0,0.0,0.000,0.0,0,HAYIR,HAYIR
2026-08-18 11:02:10.165,0.00,0.00,0,0.0,0.0,0.000,0.0,0,HAYIR,HAYIR
2026-08-18 11:02:10.200,0.00,0.00,0,0.0,0.0,0.000,0.0,0,HAYIR,HAYIR
2026-08-18 11:02:10.206,0.00,0.00,0,0.0,0.0,0.000,0.0,0,HAYIR,HAYIR
2026-08-18 11:02:10.238,0.00,0.00,0,0.0,0.0,0.000,0.0,0,HAYIR,HAYIR
2026-08-18 11:02:10.246,0.00,0.00,0,0.0,0.0,0.000,0.0,0,HAYIR,HAYIR
2026-08-18 11:02:10.272,0.00,0.00,0,0.0,0.0,0.000,0.0,0,HAYIR,HAYIR
2026-08-18 11:02:10.287,0.00,0.00,0,0.0,0.0,0.000,0.0,0,HAYIR,HAYIR
2026-08-18 11:02:10.304,0.00,0.00,0,0.0,0.0,0.000,0.0,0,HAYIR,HAYIR
2026-08-18 11:02:10.327,0.00,0.00,0,0.0,0.0,0.000,0.0,0,HAYIR,HAYIR
2026-08-18 11:02:10.344,0.00,0.00,0,0.0,0.0,0.000,0.0,0,HAYIR,HAYIR
2026-08-18 11:02:10.367,0.00,0.00,0,0.0,0.0,0.000,0.0,0,HAYIR,HAYIR
2026-08-18 11:02:10.384,0.00,0.00,0,0.0,0.0,0.000,0.0,0,HAYIR,HAYIR
2026-08-18 11:02:10.408,0.00,0.00,0,0.0,0.0,0.000,0.0,0,HAYIR,HAYIR
2026-08-18 11:02:10.424,0.00,0.00,0,0.0,0.0,0.000,0.0,0,HAYIR,HAYIR
2026-08-18 11:02:10.448,0.00,0.00,0,0.0,0.0,0.000,0.0,0,HAYIR,HAYIR
2026-08-18 11:02:10.464,0.00,0.00,0,0.0,0.0,0.000,0.0,0,HAYIR,HAYIR
2026-08-18 11:02:10.489,0.00,0.00,0,0.0,0.0,0.000,0.0,0,HAYIR,HAYIR
2026-08-18 11:02:10.504,0.00,0.00,0,0.0,0.0,0.000,0.0,0,HAYIR,HAYIR
2026-08-18 11:02:10.529,0.00,0.00,0,0.0,0.0,0.000,0.0,0,HAYIR,HAYIR
2026-08-18 11:02:10.544,0.00,0.00,0,0.0,0.0,0.000,0.0,0,HAYIR,HAYIR
2026-08-18 11:02:10.570,0.00,0.00,0,0.0,0.0,0.000,0.0,0,HAYIR,HAYIR
2026-08-18 11:02:10.584,0.00,0.00,0,0.0,0.0,0.000,0.0,0,HAYIR,HAYIR
2026-08-18 11:02:10.610,0.00,0.00,0,0.0,0.0,0.000,0.0,0,HAYIR,HAYIR
2026-08-18 11:02:10.624,0.00,0.00,0,0.0,0.0,0.000,0.0,0,HAYIR,HAYIR
2026-08-18 11:02:10.651,0.00,0.00,0,0.0,0.0,0.000,0.0,0,HAYIR,HAYIR
2026-08-18 11:02:10.664,0.00,0.00,0,0.0,0.0,0.000,0.0,0,HAYIR,HAYIR
2026-08-18 11:02:10.692,0.00,0.00,0,0.0,0.0,0.000,0.0,0,HAYIR,HAYIR
2026-08-18 11:02:10.704,0.00,0.00,0,0.0,0.0,0.000,0.0,0,HAYIR,HAYIR
2026-08-18 11:02:10.732,0.00,0.00,0,0.0,0.0,0.000,0.0,0,HAYIR,HAYIR
2026-08-18 11:02:10.744,0.00,0.00,0,0.0,0.0,0.000,0.0,0,HAYIR,HAYIR
2026-08-18 11:02:10.772,0.00,0.00,0,0.0,0.0,0.000,0.0,0,HAYIR,HAYIR
2026-08-18 11:02:10.784,0.00,0.00,0,0.0,0.0,0.000,0.0,0,HAYIR,HAYIR
2026-08-18 11:02:10.813,0.00,0.00,0,0.0,0.0,0.000,0.0,0,HAYIR,HAYIR
2026-08-18 11:02:10.824,0.00,0.00,0,0.0,0.0,0.000,0.0,0,HAYIR,HAYIR
2026-08-18 11:02:10.853,0.00,0.00,0,0.0,0.0,0.000,0.0,0,HAYIR,HAYIR
2026-08-18 11:02:10.864,0.00,0.00,0,0.0,0.0,0.000,0.0,0,HAYIR,HAYIR
2026-08-18 11:02:10.892,0.00,0.00,0,0.0,0.0,0.000,0.0,0,HAYIR,HAYIR
2026-08-18 11:02:10.904,0.00,0.00,0,0.0,0.0,0.000,0.0,0,HAYIR,HAYIR
2026-08-18 11:02:10.935,0.00,0.00,0,0.0,0.0,0.000,0.0,0,HAYIR,HAYIR
2026-08-18 11:02:10.944,0.00,0.00,0,0.0,0.0,0.000,0.0,0,HAYIR,HAYIR
2026-08-18 11:02:10.974,0.00,0.00,0,0.0,0.0,0.000,0.0,0,HAYIR,HAYIR
2026-08-18 11:02:10.984,0.00,0.00,0,0.0,0.0,0.000,0.0,0,HAYIR,HAYIR
2026-08-18 11:02:11.015,0.00,0.00,0,0.0,0.0,0.000,0.0,0,HAYIR,HAYIR
2026-08-18 11:02:11.024,0.00,0.00,0,0.0,0.0,0.000,0.0,0,HAYIR,HAYIR
2026-08-18 11:02:11.057,0.00,0.00,0,0.0,0.0,0.000,0.0,0,HAYIR,HAYIR
2026-08-18 11:02:11.064,0.00,0.00,0,0.0,0.0,0.000,0.0,0,HAYIR,HAYIR
2026-08-18 11:02:11.097,0.00,0.00,0,0.0,0.0,0.000,0.0,0,HAYIR,HAYIR
2026-08-18 11:02:11.104,0.00,0.00,0,0.0,0.0,0.000,0.0,0,HAYIR,HAYIR
2026-08-18 11:02:11.136,0.00,0.00,0,0.0,0.0,0.000,0.0,0,HAYIR,HAYIR
2026-08-18 11:02:11.144,0.00,0.00,0,0.0,0.0,0.000,0.0,0,HAYIR,HAYIR
2026-08-18 11:02:11.177,0.00,0.00,0,0.0,0.0,0.000,0.0,0,HAYIR,HAYIR
2026-08-18 11:02:11.184,0.00,0.00,0,0.0,0.0,0.000,0.0,0,HAYIR,HAYIR
2026-08-18 11:02:11.217,0.00,0.00,0,0.0,0.0,0.000,0.0,0,HAYIR,HAYIR
2026-08-18 11:02:11.224,0.00,0.00,0,0.0,0.0,0.000,0.0,0,HAYIR,HAYIR
2026-08-18 11:02:11.250,0.00,0.00,0,0.0,0.0,0.000,0.0,0,HAYIR,HAYIR
2026-08-18 11:02:11.264,0.00,0.00,0,0.0,0.0,0.000,0.0,0,HAYIR,HAYIR
2026-08-18 11:02:11.298,0.00,0.00,0,0.0,0.0,0.000,0.0,0,HAYIR,HAYIR
2026-08-18 11:02:11.304,0.00,0.00,0,0.0,0.0,0.000,0.0,0,HAYIR,HAYIR
2026-08-18 11:02:11.339,0.00,0.00,0,0.0,0.0,0.000,0.0,0,HAYIR,HAYIR
2026-08-18 11:02:11.344,0.00,0.00,0,0.0,0.0,0.000,0.0,0,HAYIR,HAYIR
2026-08-18 11:02:11.381,0.00,0.00,0,0.0,0.0,0.000,0.0,0,HAYIR,HAYIR
2026-08-18 11:02:11.384,0.00,0.00,0,0.0,0.0,0.000,0.0,0,HAYIR,HAYIR
2026-08-18 11:02:11.412,0.00,0.00,0,0.0,0.0,0.000,0.0,0,HAYIR,HAYIR
2026-08-18 11:02:11.424,0.00,0.00,0,0.0,0.0,0.000,0.0,0,HAYIR,HAYIR
2026-08-18 11:02:11.458,0.00,0.00,0,0.0,0.0,0.000,0.0,0,HAYIR,HAYIR
2026-08-18 11:02:11.464,0.00,0.00,0,0.0,0.0,0.000,0.0,0,HAYIR,HAYIR
2026-08-18 11:02:11.500,0.00,0.00,0,0.0,0.0,0.000,0.0,0,HAYIR,HAYIR
2026-08-18 11:02:11.504,0.00,0.00,0,0.0,0.0,0.000,0.0,0,HAYIR,HAYIR
2026-08-18 11:02:11.537,0.00,0.00,0,0.0,0.0,0.000,0.0,0,HAYIR,HAYIR
2026-08-18 11:02:11.544,0.00,0.00,0,0.0,0.0,0.000,0.0,0,HAYIR,HAYIR
2026-08-18 11:02:11.578,0.00,0.00,0,0.0,0.0,0.000,0.0,0,HAYIR,HAYIR
2026-08-18 11:02:11.584,0.00,0.00,0,0.0,0.0,0.000,0.0,0,HAYIR,HAYIR
2026-08-18 11:02:11.621,0.00,0.00,0,0.0,0.0,0.000,0.0,0,HAYIR,HAYIR
2026-08-18 11:02:11.625,0.00,0.00,0,0.0,0.0,0.000,0.0,0,HAYIR,HAYIR
2026-08-18 11:02:11.664,0.00,0.00,0,0.0,0.0,0.000,0.0,0,HAYIR,HAYIR
2026-08-18 11:02:11.665,0.00,0.00,0,0.0,0.0,0.000,0.0,0,HAYIR,HAYIR
2026-08-18 11:02:11.707,0.00,0.00,0,0.0,0.0,0.000,0.0,0,HAYIR,HAYIR
2026-08-18 11:02:11.708,0.00,0.00,0,0.0,0.0,0.000,0.0,0,HAYIR,HAYIR
2026-08-18 11:02:11.732,0.03,0.00,28,0.0,0.0,-0.050,160.0,1,HAYIR,HAYIR
2026-08-18 11:02:11.745,0.03,0.00,28,0.0,0.0,-0.050,160.0,2,HAYIR,HAYIR
2026-08-18 11:02:11.782,0.03,0.00,28,0.0,0.1,-0.050,160.0,4,HAYIR,HAYIR
2026-08-18 11:02:11.787,0.03,0.00,28,0.0,0.1,-0.050,160.0,5,HAYIR,HAYIR
2026-08-18 11:02:11.806,0.05,0.00,29,0.0,0.1,-0.100,160.0,6,HAYIR,HAYIR
2026-08-18 11:02:11.826,0.08,0.00,29,0.0,0.1,-0.150,160.0,7,HAYIR,HAYIR
2026-08-18 11:02:11.844,0.08,0.00,29,0.0,0.1,-0.150,160.0,8,HAYIR,HAYIR
2026-08-18 11:02:11.866,0.08,0.00,29,0.0,0.2,-0.150,160.0,9,HAYIR,HAYIR
2026-08-18 11:02:11.884,0.10,0.00,29,0.0,0.2,-0.200,160.0,11,HAYIR,HAYIR
2026-08-18 11:02:11.908,0.10,0.00,29,0.0,0.2,-0.200,160.0,12,HAYIR,HAYIR
2026-08-18 11:02:11.924,0.12,0.00,29,0.0,0.2,-0.250,160.0,13,HAYIR,HAYIR
2026-08-18 11:02:11.947,0.12,0.00,29,0.0,0.2,-0.250,160.0,14,HAYIR,HAYIR
2026-08-18 11:02:11.964,0.12,0.00,29,0.0,0.3,-0.250,160.0,15,HAYIR,HAYIR
2026-08-18 11:02:11.988,0.15,0.00,29,0.0,0.3,-0.300,160.0,17,HAYIR,HAYIR
2026-08-18 11:02:12.005,0.15,0.00,29,0.0,0.3,-0.300,160.0,18,HAYIR,HAYIR
2026-08-18 11:02:12.029,0.15,0.00,29,0.0,0.3,-0.300,160.0,19,HAYIR,HAYIR
2026-08-18 11:02:12.044,0.17,0.00,29,0.0,0.3,-0.320,160.0,20,HAYIR,HAYIR
2026-08-18 11:02:12.070,0.17,0.00,29,0.0,0.4,-0.320,160.0,22,HAYIR,HAYIR
2026-08-18 11:02:12.084,0.20,0.00,29,0.0,0.4,-0.320,160.0,23,HAYIR,HAYIR
2026-08-18 11:02:12.110,0.20,0.00,29,0.0,0.4,-0.320,160.0,24,HAYIR,HAYIR
2026-08-18 11:02:12.124,0.22,0.00,29,0.0,0.4,-0.320,160.0,25,HAYIR,HAYIR
2026-08-18 11:02:12.151,0.22,0.00,29,0.0,0.4,-0.320,160.0,26,HAYIR,HAYIR
2026-08-18 11:02:12.164,0.22,0.00,29,0.0,0.5,-0.320,160.0,27,HAYIR,HAYIR
2026-08-18 11:02:12.191,0.25,0.00,29,0.0,0.5,-0.320,160.0,29,HAYIR,HAYIR
2026-08-18 11:02:12.204,0.25,0.00,29,0.0,0.5,-0.320,160.0,30,HAYIR,HAYIR
2026-08-18 11:02:12.232,0.27,0.00,29,0.0,0.5,-0.320,160.0,31,HAYIR,HAYIR
2026-08-18 11:02:12.244,0.27,0.00,29,0.0,0.5,-0.320,160.0,32,HAYIR,HAYIR
2026-08-18 11:02:12.273,0.27,0.00,30,0.0,0.6,-0.320,160.0,34,HAYIR,HAYIR
2026-08-18 11:02:12.284,0.30,0.00,30,0.0,0.6,-0.320,160.0,35,HAYIR,HAYIR
2026-08-18 11:02:12.312,0.30,0.00,30,0.0,0.6,-0.320,160.0,36,HAYIR,HAYIR
2026-08-18 11:02:12.324,0.33,0.00,30,0.0,0.6,-0.320,160.0,37,HAYIR,HAYIR
2026-08-18 11:02:12.353,0.33,0.00,30,0.0,0.6,-0.320,160.0,38,HAYIR,HAYIR
2026-08-18 11:02:12.364,0.33,0.00,30,0.0,0.7,-0.320,160.0,39,HAYIR,HAYIR
2026-08-18 11:02:12.393,0.35,0.00,30,0.0,0.7,-0.320,160.0,41,HAYIR,HAYIR
2026-08-18 11:02:12.404,0.35,0.00,30,0.0,0.7,-0.320,160.0,42,HAYIR,HAYIR
2026-08-18 11:02:12.434,0.38,0.00,30,0.0,0.7,-0.320,160.0,43,HAYIR,HAYIR
2026-08-18 11:02:12.444,0.38,0.00,30,0.1,0.7,-0.320,160.0,44,HAYIR,HAYIR
2026-08-18 11:02:12.474,0.38,0.00,30,0.1,0.8,-0.320,160.0,46,HAYIR,HAYIR
2026-08-18 11:02:12.484,0.40,0.00,30,0.1,0.8,-0.320,160.0,47,HAYIR,HAYIR
2026-08-18 11:02:12.514,0.40,0.00,30,0.1,0.8,-0.320,160.0,48,HAYIR,HAYIR
2026-08-18 11:02:12.524,0.43,0.00,30,0.2,0.8,-0.320,160.0,49,HAYIR,HAYIR
2026-08-18 11:02:12.555,0.43,0.00,30,0.2,0.8,-0.320,160.0,50,HAYIR,HAYIR
2026-08-18 11:02:12.564,0.43,0.00,30,0.2,0.9,-0.320,160.0,51,HAYIR,HAYIR
2026-08-18 11:02:12.597,0.45,0.00,30,0.2,0.9,-0.320,160.0,53,HAYIR,HAYIR
2026-08-18 11:02:12.604,0.45,0.00,31,0.2,0.9,-0.320,160.0,54,HAYIR,HAYIR
2026-08-18 11:02:12.636,0.48,0.00,31,0.2,0.9,-0.320,160.0,55,HAYIR,HAYIR
2026-08-18 11:02:12.644,0.48,0.00,31,0.3,0.9,-0.320,160.0,56,HAYIR,HAYIR
2026-08-18 11:02:12.678,0.48,0.00,31,0.3,1.0,-0.320,160.0,58,HAYIR,HAYIR
2026-08-18 11:02:12.684,0.50,0.00,31,0.3,1.0,-0.320,160.0,59,HAYIR,HAYIR
2026-08-18 11:02:12.712,0.50,0.00,31,0.3,1.0,-0.320,160.0,60,HAYIR,HAYIR
2026-08-18 11:02:12.724,0.53,0.00,31,0.3,1.0,-0.320,160.0,61,HAYIR,HAYIR
2026-08-18 11:02:12.758,0.53,0.00,31,0.4,1.0,-0.320,160.0,62,HAYIR,HAYIR
2026-08-18 11:02:12.764,0.53,0.00,31,0.4,1.1,-0.320,160.0,63,HAYIR,HAYIR
2026-08-18 11:02:12.799,0.55,0.00,31,0.4,1.1,-0.320,160.0,65,HAYIR,HAYIR
2026-08-18 11:02:12.804,0.55,0.00,31,0.4,1.1,-0.320,160.0,66,HAYIR,HAYIR
2026-08-18 11:02:12.833,0.58,0.00,31,0.5,1.1,-0.320,160.0,67,HAYIR,HAYIR
2026-08-18 11:02:12.844,0.58,0.00,31,0.5,1.1,-0.320,160.0,68,HAYIR,HAYIR
2026-08-18 11:02:12.877,0.58,0.00,31,0.5,1.2,-0.320,160.0,70,HAYIR,HAYIR
2026-08-18 11:02:12.884,0.60,0.00,32,0.5,1.2,-0.320,160.0,71,HAYIR,HAYIR
2026-08-18 11:02:12.919,0.60,0.00,32,0.5,1.2,-0.320,160.0,72,HAYIR,HAYIR
2026-08-18 11:02:12.924,0.63,0.00,32,0.5,1.2,-0.320,160.0,73,HAYIR,HAYIR
2026-08-18 11:02:12.953,0.63,0.00,32,0.6,1.2,-0.320,160.0,74,HAYIR,HAYIR
2026-08-18 11:02:12.964,0.63,0.00,32,0.6,1.3,-0.320,160.0,75,HAYIR,HAYIR
2026-08-18 11:02:12.998,0.65,0.00,32,0.6,1.3,-0.320,160.0,77,HAYIR,HAYIR
2026-08-18 11:02:13.005,0.65,0.00,32,0.6,1.3,-0.320,160.0,78,HAYIR,HAYIR
2026-08-18 11:02:13.033,0.68,0.00,32,0.7,1.3,-0.320,160.0,79,HAYIR,HAYIR
2026-08-18 11:02:13.044,0.68,0.00,32,0.7,1.3,-0.320,160.0,80,HAYIR,HAYIR
2026-08-18 11:02:13.082,0.68,0.00,32,0.7,1.4,-0.320,160.0,82,HAYIR,HAYIR
2026-08-18 11:02:13.084,0.70,0.00,32,0.7,1.4,-0.320,160.0,83,HAYIR,HAYIR
2026-08-18 11:02:13.123,0.70,0.00,32,0.7,1.4,-0.320,160.0,84,HAYIR,HAYIR
2026-08-18 11:02:13.125,0.70,0.00,32,0.8,1.4,-0.320,160.0,85,HAYIR,HAYIR
2026-08-18 11:02:13.158,0.73,0.00,33,0.8,1.4,-0.320,160.0,86,HAYIR,HAYIR
2026-08-18 11:02:13.164,0.73,0.00,33,0.8,1.5,-0.320,160.0,87,HAYIR,HAYIR
2026-08-18 11:02:13.204,0.75,0.00,33,0.8,1.5,-0.320,160.0,89,HAYIR,HAYIR
2026-08-18 11:02:13.206,0.75,0.00,33,0.8,1.5,-0.320,160.0,90,HAYIR,HAYIR
2026-08-18 11:02:13.235,0.78,0.00,33,0.8,1.5,-0.320,160.0,91,HAYIR,HAYIR
2026-08-18 11:02:13.245,0.78,0.00,33,0.9,1.5,-0.320,160.0,92,HAYIR,HAYIR
2026-08-18 11:02:13.271,0.78,0.00,33,0.9,1.6,-0.320,160.0,93,HAYIR,HAYIR
2026-08-18 11:02:13.286,0.78,0.00,33,0.9,1.6,-0.320,160.0,95,HAYIR,HAYIR
2026-08-18 11:02:13.308,0.78,0.03,32,0.9,1.6,-0.320,160.0,96,HAYIR,HAYIR
2026-08-18 11:02:13.326,0.78,0.03,33,0.9,1.6,-0.320,160.0,97,HAYIR,HAYIR
2026-08-18 11:02:13.344,0.78,0.03,33,1.0,1.6,-0.320,160.0,98,HAYIR,HAYIR
2026-08-18 11:02:13.366,0.78,0.03,33,1.0,1.7,-0.320,160.0,99,HAYIR,HAYIR
2026-08-18 11:02:13.384,0.78,0.03,33,1.0,1.7,-0.320,160.0,101,HAYIR,HAYIR
2026-08-18 11:02:13.408,0.78,0.03,33,1.0,1.7,-0.320,160.0,102,HAYIR,HAYIR
2026-08-18 11:02:13.424,0.78,0.03,34,1.1,1.7,-0.320,160.0,103,HAYIR,HAYIR
2026-08-18 11:02:13.447,0.78,0.03,34,1.1,1.7,-0.320,160.0,104,HAYIR,HAYIR
2026-08-18 11:02:13.464,0.78,0.03,34,1.1,1.8,-0.320,160.0,105,HAYIR,HAYIR
2026-08-18 11:02:13.488,0.78,0.03,33,1.1,1.8,-0.320,160.0,107,HAYIR,HAYIR
2026-08-18 11:02:13.504,0.78,0.03,33,1.1,1.8,-0.320,160.0,108,HAYIR,HAYIR
2026-08-18 11:02:13.529,0.78,0.03,34,1.2,1.8,-0.320,160.0,109,HAYIR,HAYIR
2026-08-18 11:02:13.544,0.78,0.03,34,1.2,1.8,-0.320,160.0,110,HAYIR,HAYIR
2026-08-18 11:02:13.570,0.78,0.03,34,1.2,1.9,-0.320,160.0,112,HAYIR,HAYIR
2026-08-18 11:02:13.584,0.77,0.03,33,1.2,1.9,-0.320,160.0,113,HAYIR,HAYIR
2026-08-18 11:02:13.611,0.77,0.03,34,1.2,1.9,-0.320,160.0,114,HAYIR,HAYIR
2026-08-18 11:02:13.624,0.77,0.03,34,1.2,1.9,-0.320,160.0,115,HAYIR,HAYIR
2026-08-18 11:02:13.651,0.77,0.03,34,1.3,1.9,-0.320,160.0,117,HAYIR,HAYIR
2026-08-18 11:02:13.664,0.77,0.04,33,1.3,2.0,-0.320,160.0,117,HAYIR,HAYIR
2026-08-18 11:02:13.691,0.76,0.04,34,1.3,2.0,-0.320,160.0,119,HAYIR,HAYIR
2026-08-18 11:02:13.704,0.76,0.04,34,1.3,2.0,-0.320,160.0,120,HAYIR,HAYIR
2026-08-18 11:02:13.733,0.75,0.04,34,1.3,2.0,-0.320,160.0,121,HAYIR,HAYIR
2026-08-18 11:02:13.744,0.75,0.04,34,1.4,2.0,-0.320,160.0,122,HAYIR,HAYIR
2026-08-18 11:02:13.772,0.75,0.04,34,1.4,2.1,-0.320,160.0,124,HAYIR,HAYIR
2026-08-18 11:02:13.784,0.76,0.04,35,1.4,2.1,-0.320,160.0,125,HAYIR,HAYIR
2026-08-18 11:02:13.812,0.76,0.04,34,1.4,2.1,-0.320,160.0,126,HAYIR,HAYIR
2026-08-18 11:02:13.824,0.76,0.04,34,1.4,2.1,-0.320,160.0,127,HAYIR,HAYIR
2026-08-18 11:02:13.852,0.76,0.04,34,1.5,2.1,-0.320,160.0,128,HAYIR,HAYIR
2026-08-18 11:02:13.864,0.76,0.04,35,1.5,2.2,-0.320,160.0,129,HAYIR,HAYIR
2026-08-18 11:02:13.893,0.76,0.04,35,1.5,2.2,-0.320,160.0,131,HAYIR,HAYIR
2026-08-18 11:02:13.904,0.76,0.04,35,1.5,2.2,-0.320,160.0,132,HAYIR,HAYIR
2026-08-18 11:02:13.935,0.75,0.04,35,1.6,2.2,-0.320,160.0,134,HAYIR,HAYIR
2026-08-18 11:02:13.944,0.75,0.04,35,1.6,2.2,-0.320,160.0,134,HAYIR,HAYIR
2026-08-18 11:02:13.975,0.75,0.04,35,1.6,2.3,-0.320,160.0,136,HAYIR,HAYIR
2026-08-18 11:02:13.984,0.75,0.06,33,1.6,2.3,-0.320,160.0,137,HAYIR,HAYIR
2026-08-18 11:02:14.022,0.75,0.06,35,1.6,2.3,-0.320,160.0,138,HAYIR,HAYIR
2026-08-18 11:02:14.024,0.74,0.06,35,1.7,2.3,-0.320,160.0,139,HAYIR,HAYIR
2026-08-18 11:02:14.056,0.74,0.06,35,1.7,2.3,-0.320,160.0,140,HAYIR,HAYIR
2026-08-18 11:02:14.064,0.74,0.06,35,1.7,2.4,-0.320,160.0,141,HAYIR,HAYIR
2026-08-18 11:02:14.098,0.74,0.06,35,1.7,2.4,-0.320,160.0,143,HAYIR,HAYIR
2026-08-18 11:02:14.104,0.74,0.06,35,1.7,2.4,-0.320,160.0,144,HAYIR,HAYIR
2026-08-18 11:02:14.137,0.74,0.06,35,1.8,2.4,-0.320,160.0,145,HAYIR,HAYIR
2026-08-18 11:02:14.144,0.74,0.06,35,1.8,2.4,-0.320,160.0,146,HAYIR,HAYIR
2026-08-18 11:02:14.178,0.74,0.06,35,1.8,2.5,-0.320,160.0,148,HAYIR,HAYIR
2026-08-18 11:02:14.184,0.73,0.06,35,1.8,2.5,-0.320,160.0,149,HAYIR,HAYIR
2026-08-18 11:02:14.216,0.73,0.06,35,1.8,2.5,-0.320,160.0,150,HAYIR,HAYIR
2026-08-18 11:02:14.224,0.73,0.06,35,1.8,2.5,-0.320,160.0,151,HAYIR,HAYIR
2026-08-18 11:02:14.255,0.73,0.06,36,1.9,2.5,-0.320,160.0,152,HAYIR,HAYIR
2026-08-18 11:02:14.264,0.73,0.06,36,1.9,2.6,-0.320,160.0,153,HAYIR,HAYIR
2026-08-18 11:02:14.297,0.72,0.06,35,1.9,2.6,-0.320,160.0,155,HAYIR,HAYIR
2026-08-18 11:02:14.304,0.72,0.06,36,1.9,2.6,-0.320,160.0,156,HAYIR,HAYIR
2026-08-18 11:02:14.333,0.71,0.06,36,1.9,2.6,-0.320,160.0,157,HAYIR,HAYIR
2026-08-18 11:02:14.344,0.71,0.06,36,2.0,2.6,-0.320,160.0,158,HAYIR,HAYIR
2026-08-18 11:02:14.377,0.71,0.06,36,2.0,2.7,-0.320,160.0,160,HAYIR,HAYIR
2026-08-18 11:02:14.384,0.71,0.06,36,2.0,2.7,-0.320,160.0,160,HAYIR,HAYIR
2026-08-18 11:02:14.415,0.71,0.06,36,2.0,2.7,-0.320,160.0,160,HAYIR,HAYIR
2026-08-18 11:02:14.424,0.71,0.06,36,2.0,2.7,-0.320,160.0,160,HAYIR,HAYIR
2026-08-18 11:02:14.461,0.71,0.06,36,2.0,2.7,-0.320,160.0,160,HAYIR,HAYIR
2026-08-18 11:02:14.464,0.71,0.06,36,2.0,2.8,-0.320,160.0,160,HAYIR,HAYIR
2026-08-18 11:02:14.502,0.70,0.06,36,2.0,2.8,-0.320,160.0,160,HAYIR,HAYIR
2026-08-18 11:02:14.504,0.70,0.06,36,2.0,2.8,-0.320,160.0,160,HAYIR,HAYIR
2026-08-18 11:02:14.533,0.70,0.06,36,2.0,2.8,-0.320,160.0,160,HAYIR,HAYIR
2026-08-18 11:02:14.544,0.70,0.06,36,2.0,2.8,-0.320,160.0,160,HAYIR,HAYIR
2026-08-18 11:02:14.582,0.70,0.06,36,2.0,2.9,-0.320,160.0,160,HAYIR,HAYIR
2026-08-18 11:02:14.584,0.68,0.06,36,2.0,2.9,-0.320,160.0,160,HAYIR,HAYIR
2026-08-18 11:02:14.614,0.68,0.06,36,2.0,2.9,-0.320,160.0,160,HAYIR,HAYIR
2026-08-18 11:02:14.624,0.68,0.06,36,2.0,2.9,-0.320,160.0,160,HAYIR,HAYIR
2026-08-18 11:02:14.656,0.68,0.06,36,2.0,2.9,-0.320,160.0,160,HAYIR,HAYIR
2026-08-18 11:02:14.664,0.68,0.06,36,2.0,3.0,-0.320,160.0,160,HAYIR,HAYIR
2026-08-18 11:02:14.692,0.67,0.06,36,2.0,3.0,-0.320,160.0,160,HAYIR,HAYIR
2026-08-18 11:02:14.704,0.67,0.06,36,2.0,3.0,-0.320,160.0,160,HAYIR,HAYIR
2026-08-18 11:02:14.741,0.67,0.06,36,2.0,3.0,-0.320,160.0,160,HAYIR,HAYIR
2026-08-18 11:02:14.745,0.67,0.06,36,2.0,3.0,-0.320,160.0,160,HAYIR,HAYIR
2026-08-18 11:02:14.770,0.67,0.04,36,2.0,3.1,-0.320,160.0,160,HAYIR,HAYIR
2026-08-18 11:02:14.785,0.67,0.04,36,2.0,3.1,-0.320,160.0,160,HAYIR,HAYIR
2026-08-18 11:02:14.811,0.67,0.04,36,2.0,3.1,-0.320,160.0,160,HAYIR,HAYIR
2026-08-18 11:02:14.826,0.67,0.04,36,2.0,3.1,-0.320,160.0,160,HAYIR,HAYIR
2026-08-18 11:02:14.844,0.67,0.04,36,2.0,3.1,-0.320,160.0,160,HAYIR,HAYIR
2026-08-18 11:02:14.866,0.67,0.04,36,2.0,3.2,-0.320,160.0,160,HAYIR,HAYIR
2026-08-18 11:02:14.897,0.66,0.04,36,2.0,3.2,-0.320,160.0,160,HAYIR,HAYIR
2026-08-18 11:02:14.909,0.66,0.04,36,2.0,3.2,-0.320,160.0,160,HAYIR,HAYIR
2026-08-18 11:02:14.924,0.67,0.04,36,2.0,3.2,-0.320,160.0,160,HAYIR,HAYIR
2026-08-18 11:02:14.947,0.67,0.04,36,2.0,3.2,-0.320,160.0,160,HAYIR,HAYIR
2026-08-18 11:02:14.964,0.67,0.04,36,2.0,3.3,-0.320,160.0,160,HAYIR,HAYIR
2026-08-18 11:02:14.990,0.66,0.04,36,2.0,3.3,-0.320,160.0,160,HAYIR,HAYIR
2026-08-18 11:02:15.004,0.66,0.04,36,2.0,3.3,-0.320,160.0,160,HAYIR,HAYIR
2026-08-18 11:02:15.029,0.66,0.04,36,2.0,3.3,-0.320,160.0,160,HAYIR,HAYIR
2026-08-18 11:02:15.044,0.66,0.04,36,2.0,3.3,-0.320,160.0,160,HAYIR,HAYIR
2026-08-18 11:02:15.069,0.66,0.04,36,2.0,3.4,-0.320,160.0,160,HAYIR,HAYIR
2026-08-18 11:02:15.084,0.66,0.03,36,2.0,3.4,-0.320,160.0,160,HAYIR,HAYIR
2026-08-18 11:02:15.110,0.66,0.03,36,2.0,3.4,-0.320,160.0,160,HAYIR,HAYIR
2026-08-18 11:02:15.124,0.66,0.03,36,2.0,3.4,-0.320,160.0,160,HAYIR,HAYIR
2026-08-18 11:02:15.149,0.66,0.03,36,2.0,3.4,-0.320,160.0,160,HAYIR,HAYIR
2026-08-18 11:02:15.164,0.66,0.03,36,2.0,3.5,-0.320,160.0,160,HAYIR,HAYIR
2026-08-18 11:02:15.191,0.68,0.03,36,2.0,3.5,-0.320,160.0,160,HAYIR,HAYIR
2026-08-18 11:02:15.204,0.68,0.03,36,2.0,3.5,-0.320,160.0,160,HAYIR,HAYIR
2026-08-18 11:02:15.231,0.67,0.03,36,2.0,3.5,-0.320,160.0,160,HAYIR,HAYIR
2026-08-18 11:02:15.244,0.67,0.03,36,2.0,3.5,-0.320,160.0,160,HAYIR,HAYIR
2026-08-18 11:02:15.272,0.67,0.03,36,2.0,3.6,-0.320,160.0,160,HAYIR,HAYIR
2026-08-18 11:02:15.284,0.67,0.03,36,2.0,3.6,-0.320,160.0,160,HAYIR,HAYIR
2026-08-18 11:02:15.312,0.67,0.03,36,2.0,3.6,-0.320,160.0,160,HAYIR,HAYIR
2026-08-18 11:02:15.324,0.67,0.03,36,2.0,3.6,-0.320,160.0,160,HAYIR,HAYIR
2026-08-18 11:02:15.353,0.67,0.03,36,2.0,3.6,-0.320,160.0,160,HAYIR,HAYIR
2026-08-18 11:02:15.364,0.67,0.03,36,2.0,3.7,-0.320,160.0,160,HAYIR,HAYIR
2026-08-18 11:02:15.394,0.68,0.03,36,2.0,3.7,-0.320,160.0,160,HAYIR,HAYIR
2026-08-18 11:02:15.404,0.68,0.03,36,2.0,3.7,-0.320,160.0,160,HAYIR,HAYIR
2026-08-18 11:02:15.435,0.69,0.03,36,2.0,3.7,-0.320,160.0,160,HAYIR,HAYIR
2026-08-18 11:02:15.444,0.69,0.00,36,2.0,3.7,-0.320,160.0,160,HAYIR,HAYIR
2026-08-18 11:02:15.474,0.69,0.00,36,2.0,3.8,-0.320,160.0,160,HAYIR,HAYIR
2026-08-18 11:02:15.484,0.69,0.00,36,2.0,3.8,-0.320,160.0,160,HAYIR,HAYIR
2026-08-18 11:02:15.515,0.69,0.00,36,2.0,3.8,-0.320,160.0,160,HAYIR,HAYIR
2026-08-18 11:02:15.524,0.70,0.00,36,2.0,3.8,-0.320,160.0,160,HAYIR,HAYIR
2026-08-18 11:02:15.555,0.70,0.00,36,2.0,3.8,-0.320,160.0,160,HAYIR,HAYIR
2026-08-18 11:02:15.564,0.70,0.00,36,2.0,3.9,-0.320,160.0,160,HAYIR,HAYIR
2026-08-18 11:02:15.597,0.70,0.00,36,2.0,3.9,-0.320,160.0,160,HAYIR,HAYIR
2026-08-18 11:02:15.604,0.70,0.00,36,2.0,3.9,-0.320,160.0,160,HAYIR,HAYIR
2026-08-18 11:02:15.636,0.70,0.00,36,2.0,3.9,-0.320,160.0,160,HAYIR,HAYIR
2026-08-18 11:02:15.644,0.70,0.00,36,2.0,3.9,-0.320,160.0,160,HAYIR,HAYIR
2026-08-18 11:02:15.677,0.70,0.00,36,2.0,4.0,-0.320,160.0,160,HAYIR,HAYIR
2026-08-18 11:02:15.684,0.70,0.00,36,2.0,4.0,-0.320,160.0,160,HAYIR,HAYIR
2026-08-18 11:02:15.718,0.70,0.00,36,2.0,4.0,-0.320,160.0,160,HAYIR,HAYIR
2026-08-18 11:02:15.724,0.70,0.00,36,2.0,4.0,-0.320,160.0,160,HAYIR,HAYIR
2026-08-18 11:02:15.758,0.70,0.00,36,2.0,4.0,-0.320,160.0,160,HAYIR,HAYIR
2026-08-18 11:02:15.764,0.70,-0.01,36,2.0,4.1,-0.320,160.0,160,HAYIR,HAYIR
2026-08-18 11:02:15.799,0.70,-0.01,36,2.0,4.1,-0.320,160.0,160,HAYIR,HAYIR
2026-08-18 11:02:15.804,0.70,-0.01,36,2.0,4.1,-0.320,160.0,160,HAYIR,HAYIR
2026-08-18 11:02:15.838,0.71,-0.01,36,2.0,4.1,-0.320,160.0,160,HAYIR,HAYIR
2026-08-18 11:02:15.844,0.71,-0.01,36,2.0,4.1,-0.320,160.0,160,HAYIR,HAYIR
2026-08-18 11:02:15.878,0.71,-0.01,36,2.0,4.2,-0.320,160.0,160,HAYIR,HAYIR
2026-08-18 11:02:15.884,0.71,-0.01,36,2.0,4.2,-0.320,160.0,160,HAYIR,HAYIR
2026-08-18 11:02:15.918,0.71,-0.01,36,2.0,4.2,-0.320,160.0,160,HAYIR,HAYIR
2026-08-18 11:02:15.924,0.71,-0.01,36,2.0,4.2,-0.320,160.0,160,HAYIR,HAYIR
2026-08-18 11:02:15.961,0.71,-0.01,36,2.0,4.2,-0.320,160.0,160,HAYIR,HAYIR
2026-08-18 11:02:15.964,0.71,-0.01,36,2.0,4.3,-0.320,160.0,160,HAYIR,HAYIR
2026-08-18 11:02:16.000,0.71,-0.01,36,2.0,4.3,-0.320,160.0,160,HAYIR,HAYIR
2026-08-18 11:02:16.004,0.71,-0.01,36,2.0,4.3,-0.320,160.0,160,HAYIR,HAYIR
2026-08-18 11:02:16.036,0.72,-0.01,36,2.0,4.3,-0.320,160.0,160,HAYIR,HAYIR
2026-08-18 11:02:16.044,0.72,-0.01,36,2.0,4.3,-0.320,160.0,160,HAYIR,HAYIR
2026-08-18 11:02:16.082,0.72,-0.01,36,2.0,4.4,-0.320,160.0,160,HAYIR,HAYIR
2026-08-18 11:02:16.084,0.72,-0.01,36,2.0,4.4,-0.320,160.0,160,HAYIR,HAYIR
2026-08-18 11:02:16.123,0.72,-0.01,36,2.0,4.4,-0.320,160.0,160,HAYIR,HAYIR
2026-08-18 11:02:16.124,0.72,-0.01,36,2.0,4.4,-0.320,160.0,160,HAYIR,HAYIR
2026-08-18 11:02:16.154,0.72,-0.00,36,2.0,4.4,-0.320,160.0,160,HAYIR,HAYIR
2026-08-18 11:02:16.164,0.72,-0.00,36,2.0,4.5,-0.320,160.0,160,HAYIR,HAYIR
2026-08-18 11:02:16.200,0.73,-0.00,36,2.0,4.5,-0.320,160.0,160,HAYIR,HAYIR
2026-08-18 11:02:16.204,0.73,-0.00,36,2.0,4.5,-0.320,160.0,160,HAYIR,HAYIR
2026-08-18 11:02:16.232,0.73,-0.00,36,2.0,4.5,-0.320,160.0,160,HAYIR,HAYIR
2026-08-18 11:02:16.245,0.73,-0.00,36,2.0,4.5,-0.320,160.0,160,HAYIR,HAYIR
2026-08-18 11:02:16.273,0.73,-0.00,36,2.0,4.6,-0.320,160.0,160,HAYIR,HAYIR
2026-08-18 11:02:16.285,0.73,-0.00,36,2.0,4.6,-0.320,160.0,160,HAYIR,HAYIR
2026-08-18 11:02:16.308,0.75,-0.00,36,2.0,4.6,-0.320,160.0,160,HAYIR,HAYIR
2026-08-18 11:02:16.327,0.75,-0.00,36,2.0,4.6,-0.320,160.0,160,HAYIR,HAYIR
2026-08-18 11:02:16.344,0.78,-0.00,36,2.0,4.6,-0.320,160.0,160,HAYIR,HAYIR
2026-08-18 11:02:16.366,0.78,-0.00,36,2.0,4.7,-0.320,160.0,160,HAYIR,HAYIR
2026-08-18 11:02:16.384,0.79,-0.00,36,2.0,4.7,-0.320,160.0,160,HAYIR,HAYIR
2026-08-18 11:02:16.408,0.79,-0.00,36,2.0,4.7,-0.320,160.0,160,HAYIR,HAYIR
2026-08-18 11:02:16.424,0.79,-0.00,36,2.0,4.7,-0.320,160.0,160,HAYIR,HAYIR
2026-08-18 11:02:16.447,0.79,-0.00,36,2.0,4.7,-0.320,160.0,160,HAYIR,HAYIR
2026-08-18 11:02:16.464,0.79,-0.00,36,2.0,4.8,-0.320,160.0,160,HAYIR,HAYIR
2026-08-18 11:02:16.488,0.79,-0.00,36,2.0,4.8,-0.320,160.0,160,HAYIR,HAYIR
2026-08-18 11:02:16.504,0.79,-0.00,36,2.0,4.8,-0.320,160.0,160,HAYIR,HAYIR
2026-08-18 11:02:16.529,0.80,-0.00,36,2.0,4.8,-0.320,160.0,160,HAYIR,HAYIR
2026-08-18 11:02:16.544,0.80,-0.00,36,2.0,4.8,-0.320,160.0,160,HAYIR,HAYIR
2026-08-18 11:02:16.569,0.80,-0.00,36,2.0,4.9,-0.320,160.0,160,HAYIR,HAYIR
2026-08-18 11:02:16.584,0.79,-0.00,36,2.0,4.9,-0.320,160.0,160,HAYIR,HAYIR
2026-08-18 11:02:16.611,0.79,-0.00,36,2.0,4.9,-0.320,160.0,160,HAYIR,HAYIR
2026-08-18 11:02:16.624,0.79,-0.00,36,2.0,4.9,-0.320,160.0,160,HAYIR,HAYIR
2026-08-18 11:02:16.649,0.79,-0.00,36,2.0,4.9,-0.320,160.0,160,HAYIR,HAYIR
2026-08-18 11:02:16.664,0.79,-0.00,36,2.0,5.0,-0.320,160.0,160,HAYIR,HAYIR
2026-08-18 11:02:16.691,0.79,-0.00,36,2.0,5.0,-0.320,160.0,160,HAYIR,HAYIR
2026-08-18 11:02:16.704,0.79,-0.00,36,2.0,5.0,-0.320,160.0,160,HAYIR,HAYIR
2026-08-18 11:02:16.731,0.79,-0.00,36,2.0,5.0,-0.320,160.0,160,HAYIR,HAYIR
2026-08-18 11:02:16.744,0.79,-0.00,36,2.0,5.0,-0.320,160.0,160,HAYIR,HAYIR
2026-08-18 11:02:16.773,0.79,-0.00,36,2.0,5.1,-0.320,160.0,160,HAYIR,HAYIR
2026-08-18 11:02:16.784,0.79,-0.00,36,2.0,5.1,-0.320,160.0,160,HAYIR,HAYIR
2026-08-18 11:02:16.812,0.79,-0.00,36,2.0,5.1,-0.320,160.0,160,HAYIR,HAYIR
2026-08-18 11:02:16.824,0.79,-0.00,36,2.0,5.1,-0.320,160.0,160,HAYIR,HAYIR
2026-08-18 11:02:16.853,0.79,-0.00,36,2.0,5.1,-0.320,160.0,160,HAYIR,HAYIR
2026-08-18 11:02:16.864,0.79,-0.00,36,2.0,5.2,-0.320,160.0,160,HAYIR,HAYIR
2026-08-18 11:02:16.893,0.79,-0.00,36,2.0,5.2,-0.320,160.0,160,HAYIR,HAYIR
2026-08-18 11:02:16.904,0.79,-0.00,36,2.0,5.2,-0.320,160.0,160,HAYIR,HAYIR
2026-08-18 11:02:16.934,0.79,-0.00,36,2.0,5.2,-0.320,160.0,160,HAYIR,HAYIR
2026-08-18 11:02:16.944,0.79,-0.00,36,2.0,5.2,-0.320,160.0,160,HAYIR,HAYIR
2026-08-18 11:02:16.974,0.79,-0.00,36,2.0,5.3,-0.320,160.0,160,HAYIR,HAYIR
2026-08-18 11:02:16.984,0.79,-0.00,36,2.0,5.3,-0.320,160.0,160,HAYIR,HAYIR
2026-08-18 11:02:17.015,0.79,-0.00,36,2.0,5.3,-0.320,160.0,160,HAYIR,HAYIR
2026-08-18 11:02:17.024,0.79,-0.00,36,2.0,5.3,-0.320,160.0,160,HAYIR,HAYIR
2026-08-18 11:02:17.055,0.79,-0.00,36,2.0,5.3,-0.320,160.0,160,HAYIR,HAYIR
2026-08-18 11:02:17.064,0.79,-0.00,36,2.0,5.4,-0.320,160.0,160,HAYIR,HAYIR
2026-08-18 11:02:17.095,0.79,-0.00,36,2.0,5.4,-0.320,160.0,160,HAYIR,HAYIR
2026-08-18 11:02:17.104,0.79,-0.00,36,2.0,5.4,-0.320,160.0,160,HAYIR,HAYIR
2026-08-18 11:02:17.137,0.79,-0.00,36,2.0,5.4,-0.320,160.0,160,HAYIR,HAYIR
2026-08-18 11:02:17.144,0.79,-0.00,36,2.0,5.4,-0.320,160.0,160,HAYIR,HAYIR
2026-08-18 11:02:17.177,0.79,-0.00,36,2.0,5.5,-0.320,160.0,160,HAYIR,HAYIR
2026-08-18 11:02:17.184,0.78,-0.00,36,2.0,5.5,-0.320,160.0,160,HAYIR,HAYIR
2026-08-18 11:02:17.218,0.78,-0.00,36,2.0,5.5,-0.320,160.0,160,HAYIR,HAYIR
2026-08-18 11:02:17.224,0.78,-0.00,36,2.0,5.5,-0.320,160.0,160,HAYIR,HAYIR
2026-08-18 11:02:17.257,0.78,-0.00,36,2.0,5.5,-0.320,160.0,160,HAYIR,HAYIR
2026-08-18 11:02:17.264,0.78,-0.00,36,2.0,5.6,-0.320,160.0,160,HAYIR,HAYIR
2026-08-18 11:02:17.300,0.78,-0.00,36,2.0,5.6,-0.320,160.0,160,HAYIR,HAYIR
2026-08-18 11:02:17.304,0.78,-0.00,36,2.0,5.6,-0.320,160.0,160,HAYIR,HAYIR
2026-08-18 11:02:17.337,0.78,-0.00,36,2.0,5.6,-0.320,160.0,160,HAYIR,HAYIR
2026-08-18 11:02:17.344,0.78,-0.00,36,2.0,5.6,-0.320,160.0,160,HAYIR,HAYIR
2026-08-18 11:02:17.374,0.78,-0.00,36,2.0,5.7,-0.320,160.0,160,HAYIR,HAYIR
2026-08-18 11:02:17.384,0.77,-0.00,36,2.0,5.7,-0.320,160.0,160,HAYIR,HAYIR
2026-08-18 11:02:17.414,0.77,-0.00,36,2.0,5.7,-0.320,160.0,160,HAYIR,HAYIR
2026-08-18 11:02:17.424,0.77,-0.00,36,2.0,5.7,-0.320,160.0,160,HAYIR,HAYIR
2026-08-18 11:02:17.462,0.77,-0.00,36,2.0,5.7,-0.320,160.0,160,HAYIR,HAYIR
2026-08-18 11:02:17.464,0.77,-0.00,36,2.0,5.8,-0.320,160.0,160,HAYIR,HAYIR
2026-08-18 11:02:17.497,0.77,-0.00,36,2.0,5.8,-0.320,160.0,160,HAYIR,HAYIR
2026-08-18 11:02:17.504,0.77,-0.00,36,2.0,5.8,-0.320,160.0,160,HAYIR,HAYIR
2026-08-18 11:02:17.536,0.77,-0.00,36,2.0,5.8,-0.320,160.0,160,HAYIR,HAYIR
2026-08-18 11:02:17.544,0.77,-0.00,36,2.0,5.8,-0.320,160.0,160,HAYIR,HAYIR
2026-08-18 11:02:17.579,0.77,-0.00,36,2.0,5.9,-0.320,160.0,160,HAYIR,HAYIR
2026-08-18 11:02:17.584,0.77,-0.00,36,2.0,5.9,-0.320,160.0,160,HAYIR,HAYIR
2026-08-18 11:02:17.613,0.77,-0.00,36,2.0,5.9,-0.320,160.0,160,HAYIR,HAYIR
2026-08-18 11:02:17.624,0.76,-0.00,36,2.0,5.9,-0.320,160.0,160,HAYIR,HAYIR
2026-08-18 11:02:17.657,0.76,-0.00,36,2.0,5.9,-0.320,160.0,160,HAYIR,HAYIR
2026-08-18 11:02:17.664,0.76,-0.00,36,2.0,6.0,-0.320,160.0,160,HAYIR,HAYIR
2026-08-18 11:02:17.693,0.77,-0.00,36,2.0,6.0,-0.320,160.0,160,HAYIR,HAYIR
2026-08-18 11:02:17.704,0.77,-0.00,36,2.0,6.0,-0.320,160.0,160,HAYIR,HAYIR
2026-08-18 11:02:17.738,0.76,-0.00,36,2.0,6.0,-0.320,160.0,160,HAYIR,HAYIR
2026-08-18 11:02:17.745,0.76,-0.00,36,2.0,6.0,-0.320,160.0,160,HAYIR,HAYIR
2026-08-18 11:02:17.779,0.76,-0.00,36,2.0,6.1,-0.320,160.0,160,HAYIR,HAYIR
2026-08-18 11:02:17.785,0.76,-0.00,36,2.0,6.1,-0.320,160.0,160,HAYIR,HAYIR
2026-08-18 11:02:17.816,0.76,-0.00,36,2.0,6.1,-0.320,160.0,160,HAYIR,HAYIR
2026-08-18 11:02:17.826,0.76,-0.00,36,2.0,6.1,-0.320,160.0,160,HAYIR,HAYIR
2026-08-18 11:02:17.853,0.76,-0.00,36,2.0,6.1,-0.320,160.0,160,HAYIR,HAYIR
2026-08-18 11:02:17.867,0.76,-0.00,36,2.0,6.2,-0.320,160.0,160,HAYIR,HAYIR
2026-08-18 11:02:17.884,0.76,-0.00,36,2.0,6.2,-0.320,160.0,160,HAYIR,HAYIR
2026-08-18 11:02:17.907,0.76,-0.00,36,2.0,6.2,-0.320,160.0,160,HAYIR,HAYIR
2026-08-18 11:02:17.924,0.76,-0.00,36,2.0,6.2,-0.320,160.0,160,HAYIR,HAYIR
2026-08-18 11:02:17.947,0.76,-0.00,36,2.0,6.2,-0.320,160.0,160,HAYIR,HAYIR
2026-08-18 11:02:17.964,0.76,-0.00,36,2.0,6.3,-0.320,160.0,160,HAYIR,HAYIR
2026-08-18 11:02:17.988,0.76,-0.00,36,2.0,6.3,-0.320,160.0,160,HAYIR,HAYIR
2026-08-18 11:02:18.004,0.76,-0.00,36,2.0,6.3,-0.320,160.0,160,HAYIR,HAYIR
2026-08-18 11:02:18.028,0.76,-0.00,36,2.0,6.3,-0.320,160.0,160,HAYIR,HAYIR
2026-08-18 11:02:18.044,0.76,-0.00,36,2.0,6.3,-0.320,160.0,160,HAYIR,HAYIR
2026-08-18 11:02:18.068,0.76,-0.00,36,2.0,6.4,-0.320,160.0,160,HAYIR,HAYIR
2026-08-18 11:02:18.084,0.76,-0.00,36,2.0,6.4,-0.320,160.0,160,HAYIR,HAYIR
2026-08-18 11:02:18.109,0.76,-0.00,36,2.0,6.4,-0.320,160.0,160,HAYIR,HAYIR
2026-08-18 11:02:18.124,0.76,-0.00,36,2.0,6.4,-0.320,160.0,160,HAYIR,HAYIR
2026-08-18 11:02:18.149,0.76,-0.00,36,2.0,6.4,-0.320,160.0,160,HAYIR,HAYIR
2026-08-18 11:02:18.164,0.76,-0.00,36,2.0,6.5,-0.320,160.0,160,HAYIR,HAYIR
2026-08-18 11:02:18.191,0.76,-0.00,36,2.0,6.5,-0.320,160.0,160,HAYIR,HAYIR
2026-08-18 11:02:18.204,0.76,-0.00,36,2.0,6.5,-0.320,160.0,160,HAYIR,HAYIR
2026-08-18 11:02:18.231,0.76,-0.00,36,2.0,6.5,-0.320,160.0,160,HAYIR,HAYIR
2026-08-18 11:02:18.244,0.76,-0.00,36,2.0,6.5,-0.320,160.0,160,HAYIR,HAYIR
2026-08-18 11:02:18.272,0.76,-0.00,36,2.0,6.6,-0.320,160.0,160,HAYIR,HAYIR
2026-08-18 11:02:18.284,0.76,-0.00,36,2.0,6.6,-0.320,160.0,160,HAYIR,HAYIR
2026-08-18 11:02:18.311,0.76,-0.00,36,2.0,6.6,-0.320,160.0,160,HAYIR,HAYIR
2026-08-18 11:02:18.324,0.76,-0.00,36,2.0,6.6,-0.320,160.0,160,HAYIR,HAYIR
2026-08-18 11:02:18.352,0.76,-0.00,36,2.0,6.6,-0.320,160.0,160,HAYIR,HAYIR
2026-08-18 11:02:18.364,0.76,-0.00,36,2.0,6.7,-0.320,160.0,160,HAYIR,HAYIR
2026-08-18 11:02:18.393,0.76,-0.00,36,2.0,6.7,-0.320,160.0,160,HAYIR,HAYIR
2026-08-18 11:02:18.404,0.76,-0.00,36,2.0,6.7,-0.320,160.0,160,HAYIR,HAYIR
2026-08-18 11:02:18.434,0.76,-0.00,36,2.0,6.7,-0.320,160.0,160,HAYIR,HAYIR
2026-08-18 11:02:18.444,0.76,-0.00,36,2.0,6.7,-0.320,160.0,160,HAYIR,HAYIR
2026-08-18 11:02:18.474,0.76,-0.00,36,2.0,6.8,-0.320,160.0,160,HAYIR,HAYIR
2026-08-18 11:02:18.484,0.76,-0.00,36,2.0,6.8,-0.320,160.0,160,HAYIR,HAYIR
2026-08-18 11:02:18.515,0.76,-0.00,36,2.0,6.8,-0.320,160.0,160,HAYIR,HAYIR
2026-08-18 11:02:18.524,0.76,-0.00,36,2.0,6.8,-0.320,160.0,160,HAYIR,HAYIR
2026-08-18 11:02:18.555,0.76,-0.00,36,2.0,6.8,-0.320,160.0,160,HAYIR,HAYIR
2026-08-18 11:02:18.564,0.76,-0.00,36,2.0,6.9,-0.320,160.0,160,HAYIR,HAYIR
2026-08-18 11:02:18.596,0.76,-0.00,36,2.0,6.9,-0.320,160.0,160,HAYIR,HAYIR
2026-08-18 11:02:18.604,0.76,-0.00,36,2.0,6.9,-0.320,160.0,160,HAYIR,HAYIR
2026-08-18 11:02:18.636,0.76,-0.00,36,2.0,6.9,-0.320,160.0,160,HAYIR,HAYIR
2026-08-18 11:02:18.644,0.76,-0.00,36,2.0,6.9,-0.320,160.0,160,HAYIR,HAYIR
2026-08-18 11:02:18.676,0.76,-0.00,36,2.0,7.0,-0.320,160.0,160,HAYIR,HAYIR
2026-08-18 11:02:18.684,0.76,-0.00,36,2.0,7.0,-0.320,160.0,160,HAYIR,HAYIR
2026-08-18 11:02:18.718,0.76,-0.00,36,2.0,7.0,-0.320,160.0,160,HAYIR,HAYIR
2026-08-18 11:02:18.724,0.76,-0.00,36,2.0,7.0,-0.320,160.0,160,HAYIR,HAYIR
2026-08-18 11:02:18.757,0.76,-0.00,36,2.0,7.0,-0.320,160.0,160,HAYIR,HAYIR
2026-08-18 11:02:18.764,0.76,-0.00,36,2.0,7.1,-0.320,160.0,160,HAYIR,HAYIR
2026-08-18 11:02:18.799,0.77,-0.00,36,2.0,7.1,-0.320,160.0,160,HAYIR,HAYIR
2026-08-18 11:02:18.804,0.77,-0.00,36,2.0,7.1,-0.320,160.0,160,HAYIR,HAYIR
2026-08-18 11:02:18.838,0.77,-0.00,36,2.0,7.1,-0.320,160.0,160,HAYIR,HAYIR
2026-08-18 11:02:18.844,0.77,-0.00,36,2.0,7.1,-0.320,160.0,160,HAYIR,HAYIR
2026-08-18 11:02:18.880,0.77,-0.00,36,2.0,7.2,-0.320,160.0,160,HAYIR,HAYIR
2026-08-18 11:02:18.884,0.77,-0.00,36,2.0,7.2,-0.320,160.0,160,HAYIR,HAYIR
2026-08-18 11:02:18.920,0.77,-0.00,36,2.0,7.2,-0.320,160.0,160,HAYIR,HAYIR
2026-08-18 11:02:18.924,0.77,-0.00,36,2.0,7.2,-0.320,160.0,160,HAYIR,HAYIR
2026-08-18 11:02:18.959,0.77,-0.00,36,2.0,7.2,-0.320,160.0,160,HAYIR,HAYIR
2026-08-18 11:02:18.964,0.77,-0.00,36,2.0,7.3,-0.320,160.0,160,HAYIR,HAYIR
2026-08-18 11:02:18.995,0.77,-0.00,36,2.0,7.3,-0.320,160.0,160,HAYIR,HAYIR
2026-08-18 11:02:19.004,0.77,-0.00,36,2.0,7.3,-0.320,160.0,160,HAYIR,HAYIR
2026-08-18 11:02:19.034,0.77,-0.00,36,2.0,7.3,-0.320,160.0,160,HAYIR,HAYIR
2026-08-18 11:02:19.044,0.77,-0.00,36,2.0,7.3,-0.320,160.0,160,HAYIR,HAYIR
2026-08-18 11:02:19.079,0.77,-0.00,36,2.0,7.4,-0.320,160.0,160,HAYIR,HAYIR
2026-08-18 11:02:19.084,0.77,-0.00,36,2.0,7.4,-0.320,160.0,160,HAYIR,HAYIR
2026-08-18 11:02:19.121,0.77,-0.00,36,2.0,7.4,-0.320,160.0,160,HAYIR,HAYIR
2026-08-18 11:02:19.124,0.77,-0.00,36,2.0,7.4,-0.320,160.0,160,HAYIR,HAYIR
2026-08-18 11:02:19.155,0.77,-0.00,36,2.0,7.4,-0.320,160.0,160,HAYIR,HAYIR
2026-08-18 11:02:19.164,0.77,-0.00,36,2.0,7.5,-0.320,160.0,160,HAYIR,HAYIR
2026-08-18 11:02:19.193,0.77,-0.00,36,2.0,7.5,-0.320,160.0,160,HAYIR,HAYIR
2026-08-18 11:02:19.204,0.77,-0.00,36,2.0,7.5,-0.320,160.0,160,HAYIR,HAYIR
2026-08-18 11:02:19.235,0.77,-0.00,36,2.0,7.5,-0.320,160.0,160,HAYIR,HAYIR
2026-08-18 11:02:19.245,0.77,-0.00,36,2.0,7.5,-0.320,160.0,160,HAYIR,HAYIR
2026-08-18 11:02:19.273,0.77,-0.00,36,2.0,7.6,-0.320,160.0,160,HAYIR,HAYIR
2026-08-18 11:02:19.285,0.77,-0.00,36,2.0,7.6,-0.320,160.0,160,HAYIR,HAYIR
2026-08-18 11:02:19.310,0.78,-0.00,36,2.0,7.6,-0.320,160.0,160,HAYIR,HAYIR
2026-08-18 11:02:19.326,0.78,-0.00,36,2.0,7.6,-0.320,160.0,160,HAYIR,HAYIR
2026-08-18 11:02:19.349,0.78,-0.00,36,2.0,7.6,-0.320,160.0,160,HAYIR,HAYIR
2026-08-18 11:02:19.367,0.78,-0.00,36,2.0,7.7,-0.320,160.0,160,HAYIR,HAYIR
2026-08-18 11:02:19.384,0.78,-0.00,36,2.0,7.7,-0.320,160.0,160,HAYIR,HAYIR
2026-08-18 11:02:19.406,0.78,-0.00,36,2.0,7.7,-0.320,160.0,160,HAYIR,HAYIR
2026-08-18 11:02:19.424,0.78,-0.00,36,2.0,7.7,-0.320,160.0,160,HAYIR,HAYIR
2026-08-18 11:02:19.447,0.78,-0.00,36,2.0,7.7,-0.320,160.0,160,HAYIR,HAYIR
2026-08-18 11:02:19.464,0.78,-0.00,36,2.0,7.8,-0.320,160.0,160,HAYIR,HAYIR
2026-08-18 11:02:19.488,0.78,-0.00,36,2.0,7.8,-0.320,160.0,160,HAYIR,HAYIR
2026-08-18 11:02:19.504,0.78,-0.00,36,2.0,7.8,-0.320,160.0,160,HAYIR,HAYIR
2026-08-18 11:02:19.529,0.78,-0.00,36,2.0,7.8,-0.320,160.0,160,HAYIR,HAYIR
2026-08-18 11:02:19.544,0.78,-0.00,36,2.0,7.8,-0.320,160.0,160,HAYIR,HAYIR
2026-08-18 11:02:19.569,0.78,-0.00,36,2.0,7.9,-0.320,160.0,160,HAYIR,HAYIR
2026-08-18 11:02:19.584,0.78,-0.00,36,2.0,7.9,-0.320,160.0,160,HAYIR,HAYIR
2026-08-18 11:02:19.610,0.78,-0.00,36,2.0,7.9,-0.320,160.0,160,HAYIR,HAYIR
2026-08-18 11:02:19.624,0.78,-0.00,36,2.0,7.9,-0.320,160.0,160,HAYIR,HAYIR
2026-08-18 11:02:19.649,0.78,-0.00,36,2.0,7.9,-0.320,160.0,160,HAYIR,HAYIR
2026-08-18 11:02:19.664,0.78,-0.00,36,2.0,8.0,-0.320,160.0,160,HAYIR,HAYIR
2026-08-18 11:02:19.691,0.78,-0.00,36,2.0,8.0,-0.320,160.0,160,HAYIR,HAYIR
2026-08-18 11:02:19.704,0.78,-0.00,36,2.0,8.0,-0.320,160.0,160,HAYIR,HAYIR
2026-08-18 11:02:19.731,0.77,-0.00,36,2.0,8.0,-0.320,160.0,160,HAYIR,HAYIR
2026-08-18 11:02:19.744,0.77,-0.00,36,2.0,8.0,-0.320,160.0,160,HAYIR,HAYIR
2026-08-18 11:02:19.772,0.77,-0.00,36,2.0,8.1,-0.320,160.0,160,HAYIR,HAYIR
2026-08-18 11:02:19.784,0.77,-0.00,36,2.0,8.1,-0.320,160.0,160,HAYIR,HAYIR
2026-08-18 11:02:19.812,0.77,-0.00,36,2.0,8.1,-0.320,160.0,160,HAYIR,HAYIR
2026-08-18 11:02:19.824,0.77,-0.00,36,2.0,8.1,-0.320,160.0,160,HAYIR,HAYIR
2026-08-18 11:02:19.851,0.77,-0.00,36,2.0,8.1,-0.320,160.0,160,HAYIR,HAYIR
2026-08-18 11:02:19.864,0.77,-0.00,36,2.0,8.2,-0.320,160.0,160,HAYIR,HAYIR
2026-08-18 11:02:19.892,0.77,-0.00,36,2.0,8.2,-0.320,160.0,160,HAYIR,HAYIR
2026-08-18 11:02:19.904,0.77,-0.00,36,2.0,8.2,-0.320,160.0,160,HAYIR,HAYIR
2026-08-18 11:02:19.933,0.77,-0.00,36,2.0,8.2,-0.320,160.0,160,HAYIR,HAYIR
2026-08-18 11:02:19.944,0.77,-0.00,36,2.0,8.2,-0.320,160.0,160,HAYIR,HAYIR
2026-08-18 11:02:19.973,0.77,-0.00,36,2.0,8.3,-0.320,160.0,160,HAYIR,HAYIR
2026-08-18 11:02:19.984,0.76,-0.00,36,2.0,8.3,-0.320,160.0,160,HAYIR,HAYIR
2026-08-18 11:02:20.014,0.76,-0.00,36,2.0,8.3,-0.320,160.0,160,HAYIR,HAYIR
2026-08-18 11:02:20.024,0.76,-0.00,36,2.0,8.3,-0.320,160.0,160,HAYIR,HAYIR
2026-08-18 11:02:20.053,0.76,-0.00,36,2.0,8.3,-0.320,160.0,160,HAYIR,HAYIR
2026-08-18 11:02:20.064,0.76,-0.00,36,2.0,8.4,-0.320,160.0,160,HAYIR,HAYIR
2026-08-18 11:02:20.095,0.76,-0.00,36,2.0,8.4,-0.320,160.0,160,HAYIR,HAYIR
2026-08-18 11:02:20.104,0.76,-0.00,36,2.0,8.4,-0.320,160.0,160,HAYIR,HAYIR
2026-08-18 11:02:20.136,0.77,-0.00,36,2.0,8.4,-0.320,160.0,160,HAYIR,HAYIR
2026-08-18 11:02:20.144,0.77,-0.00,36,2.0,8.4,-0.320,160.0,160,HAYIR,HAYIR
2026-08-18 11:02:20.176,0.77,-0.00,36,2.0,8.5,-0.320,160.0,160,HAYIR,HAYIR
2026-08-18 11:02:20.184,0.77,-0.00,36,2.0,8.5,-0.320,160.0,160,HAYIR,HAYIR
2026-08-18 11:02:20.217,0.77,-0.00,36,2.0,8.5,-0.320,160.0,160,HAYIR,HAYIR
2026-08-18 11:02:20.224,0.78,-0.00,36,2.0,8.5,-0.320,160.0,160,HAYIR,HAYIR
2026-08-18 11:02:20.256,0.78,-0.00,36,2.0,8.5,-0.320,160.0,160,HAYIR,HAYIR
2026-08-18 11:02:20.264,0.78,-0.00,36,2.0,8.6,-0.320,160.0,160,HAYIR,HAYIR
2026-08-18 11:02:20.297,0.77,-0.00,36,2.0,8.6,-0.320,160.0,160,HAYIR,HAYIR
2026-08-18 11:02:20.304,0.77,-0.00,36,2.0,8.6,-0.320,160.0,160,HAYIR,HAYIR
2026-08-18 11:02:20.339,0.78,-0.00,36,2.0,8.6,-0.320,160.0,160,HAYIR,HAYIR
2026-08-18 11:02:20.344,0.78,-0.00,36,2.0,8.6,-0.320,160.0,160,HAYIR,HAYIR
2026-08-18 11:02:20.379,0.78,-0.00,36,2.0,8.7,-0.320,160.0,160,HAYIR,HAYIR
2026-08-18 11:02:20.384,0.78,-0.00,36,2.0,8.7,-0.320,160.0,160,HAYIR,HAYIR
2026-08-18 11:02:20.420,0.78,-0.00,36,2.0,8.7,-0.320,160.0,160,HAYIR,HAYIR
2026-08-18 11:02:20.424,0.78,-0.00,36,2.0,8.7,-0.320,160.0,160,HAYIR,HAYIR
2026-08-18 11:02:20.459,0.78,-0.00,36,2.0,8.7,-0.320,160.0,160,HAYIR,HAYIR
2026-08-18 11:02:20.464,0.78,-0.00,36,2.0,8.8,-0.320,160.0,160,HAYIR,HAYIR
2026-08-18 11:02:20.501,0.78,-0.00,36,2.0,8.8,-0.320,160.0,160,HAYIR,HAYIR
2026-08-18 11:02:20.504,0.78,-0.00,36,2.0,8.8,-0.320,160.0,160,HAYIR,HAYIR
2026-08-18 11:02:20.535,0.78,-0.00,36,2.0,8.8,-0.320,160.0,160,HAYIR,HAYIR
2026-08-18 11:02:20.544,0.78,-0.00,36,2.0,8.8,-0.320,160.0,160,HAYIR,HAYIR
2026-08-18 11:02:20.582,0.78,-0.00,36,2.0,8.9,-0.320,160.0,160,HAYIR,HAYIR
2026-08-18 11:02:20.584,0.78,-0.00,36,2.0,8.9,-0.320,160.0,160,HAYIR,HAYIR
2026-08-18 11:02:20.615,0.78,-0.00,36,2.0,8.9,-0.320,160.0,160,HAYIR,HAYIR
2026-08-18 11:02:20.624,0.78,-0.00,36,2.0,8.9,-0.320,160.0,160,HAYIR,HAYIR
2026-08-18 11:02:20.658,0.78,-0.00,36,2.0,8.9,-0.320,160.0,160,HAYIR,HAYIR
2026-08-18 11:02:20.665,0.78,-0.00,36,2.0,9.0,-0.320,160.0,160,HAYIR,HAYIR
2026-08-18 11:02:20.704,0.78,-0.00,36,2.0,9.0,-0.320,160.0,160,HAYIR,HAYIR
2026-08-18 11:02:20.706,0.78,-0.00,36,2.0,9.0,-0.320,160.0,160,HAYIR,HAYIR
2026-08-18 11:02:20.743,0.78,-0.00,36,2.0,9.0,-0.320,160.0,160,HAYIR,HAYIR
2026-08-18 11:02:20.744,0.78,-0.00,36,2.0,9.0,-0.320,160.0,160,HAYIR,HAYIR
2026-08-18 11:02:20.776,0.78,-0.00,36,2.0,9.1,-0.320,160.0,160,HAYIR,HAYIR
2026-08-18 11:02:20.785,0.78,-0.00,36,2.0,9.1,-0.320,160.0,160,HAYIR,HAYIR
2026-08-18 11:02:20.818,0.77,-0.00,36,2.0,9.1,-0.320,160.0,160,HAYIR,HAYIR
2026-08-18 11:02:20.826,0.77,-0.00,36,2.0,9.1,-0.320,160.0,160,HAYIR,HAYIR
2026-08-18 11:02:20.853,0.77,-0.00,36,2.0,9.1,-0.320,160.0,160,HAYIR,HAYIR
2026-08-18 11:02:20.866,0.77,-0.00,36,2.0,9.2,-0.320,160.0,160,HAYIR,HAYIR
2026-08-18 11:02:20.894,0.77,-0.00,36,2.0,9.2,-0.320,160.0,160,HAYIR,HAYIR
2026-08-18 11:02:20.906,0.77,-0.00,36,2.0,9.2,-0.320,160.0,160,HAYIR,HAYIR
2026-08-18 11:02:20.924,0.77,-0.00,36,2.0,9.2,-0.320,160.0,160,HAYIR,HAYIR
2026-08-18 11:02:20.947,0.77,-0.00,36,2.0,9.2,-0.320,160.0,160,HAYIR,HAYIR
2026-08-18 11:02:20.964,0.77,-0.00,36,2.0,9.3,-0.320,160.0,160,HAYIR,HAYIR
2026-08-18 11:02:20.988,0.77,-0.00,36,2.0,9.3,-0.320,160.0,160,HAYIR,HAYIR
2026-08-18 11:02:21.004,0.77,-0.00,36,2.0,9.3,-0.320,160.0,160,HAYIR,HAYIR
2026-08-18 11:02:21.029,0.77,-0.00,36,2.0,9.3,-0.320,160.0,160,HAYIR,HAYIR
2026-08-18 11:02:21.044,0.77,-0.00,36,2.0,9.3,-0.320,160.0,160,HAYIR,HAYIR
2026-08-18 11:02:21.069,0.77,-0.00,36,2.0,9.4,-0.320,160.0,160,HAYIR,HAYIR
2026-08-18 11:02:21.084,0.77,-0.00,36,2.0,9.4,-0.320,160.0,160,HAYIR,HAYIR
2026-08-18 11:02:21.109,0.77,-0.00,36,2.0,9.4,-0.320,160.0,160,HAYIR,HAYIR
2026-08-18 11:02:21.124,0.77,-0.00,36,2.0,9.4,-0.320,160.0,160,HAYIR,HAYIR
2026-08-18 11:02:21.149,0.77,-0.00,36,2.0,9.4,-0.320,160.0,160,HAYIR,HAYIR
2026-08-18 11:02:21.164,0.77,-0.00,36,2.0,9.5,-0.320,160.0,160,HAYIR,HAYIR
2026-08-18 11:02:21.189,0.76,-0.00,36,2.0,9.5,-0.320,160.0,160,HAYIR,HAYIR
2026-08-18 11:02:21.204,0.76,-0.00,36,2.0,9.5,-0.320,160.0,160,HAYIR,HAYIR
2026-08-18 11:02:21.231,0.76,-0.00,36,2.0,9.5,-0.320,160.0,160,HAYIR,HAYIR
2026-08-18 11:02:21.244,0.76,-0.00,36,2.0,9.5,-0.320,160.0,160,HAYIR,HAYIR
2026-08-18 11:02:21.270,0.76,-0.00,36,2.0,9.6,-0.320,160.0,160,HAYIR,HAYIR
2026-08-18 11:02:21.284,0.76,-0.00,36,2.0,9.6,-0.320,160.0,160,HAYIR,HAYIR
2026-08-18 11:02:21.311,0.76,-0.00,36,2.0,9.6,-0.320,160.0,160,HAYIR,HAYIR
2026-08-18 11:02:21.324,0.76,-0.00,36,2.0,9.6,-0.320,160.0,160,HAYIR,HAYIR
2026-08-18 11:02:21.351,0.76,-0.00,36,2.0,9.6,-0.320,160.0,160,HAYIR,HAYIR
2026-08-18 11:02:21.364,0.76,-0.00,36,2.0,9.7,-0.320,160.0,160,HAYIR,HAYIR
2026-08-18 11:02:21.392,0.76,-0.00,36,2.0,9.7,-0.320,160.0,160,HAYIR,HAYIR
2026-08-18 11:02:21.404,0.76,-0.00,36,2.0,9.7,-0.320,160.0,160,HAYIR,HAYIR
2026-08-18 11:02:21.433,0.76,-0.00,36,2.0,9.7,-0.320,160.0,160,HAYIR,HAYIR
2026-08-18 11:02:21.444,0.76,-0.00,36,2.0,9.7,-0.320,160.0,160,HAYIR,HAYIR
2026-08-18 11:02:21.474,0.76,-0.00,36,2.0,9.8,-0.320,160.0,160,HAYIR,HAYIR
2026-08-18 11:02:21.484,0.76,-0.00,36,2.0,9.8,-0.320,160.0,160,HAYIR,HAYIR
2026-08-18 11:02:21.512,0.76,-0.00,36,2.0,9.8,-0.320,160.0,160,HAYIR,HAYIR
2026-08-18 11:02:21.524,0.77,-0.00,36,2.0,9.8,-0.320,160.0,160,HAYIR,HAYIR
2026-08-18 11:02:21.551,0.77,-0.00,36,2.0,9.8,-0.320,160.0,160,HAYIR,HAYIR
2026-08-18 11:02:21.564,0.77,-0.00,36,2.0,9.9,-0.320,160.0,160,HAYIR,HAYIR
2026-08-18 11:02:21.595,0.77,-0.00,36,2.0,9.9,-0.320,160.0,160,HAYIR,HAYIR
2026-08-18 11:02:21.604,0.77,-0.00,36,2.0,9.9,-0.320,160.0,160,HAYIR,HAYIR
2026-08-18 11:02:21.634,0.77,-0.00,36,2.0,9.9,-0.320,160.0,160,HAYIR,HAYIR
2026-08-18 11:02:21.644,0.77,-0.00,36,2.0,9.9,-0.320,160.0,160,HAYIR,HAYIR
2026-08-18 11:02:21.676,0.77,-0.00,36,2.0,10.0,-0.320,160.0,160,HAYIR,HAYIR
2026-08-18 11:02:21.684,0.77,-0.00,36,2.0,10.0,-0.320,160.0,160,HAYIR,HAYIR
2026-08-18 11:02:21.716,0.77,-0.00,36,2.0,10.0,-0.320,160.0,160,HAYIR,HAYIR
2026-08-18 11:02:21.724,0.77,-0.00,36,2.0,10.0,-0.320,160.0,160,HAYIR,HAYIR
